assembly_candidate_id,assembly_requirement_id,machine_type_id,machine_family,assembly_feature,feature_category,subsystem,component_type,component_instance_id,source_core_id,component_seq_no,candidate_source_type,candidate_status,original_component_status,quality_state_before,planned_route_id,route_assignment_rule,expected_quality_state_after,expected_quality_score_after,transition_success_probability,transition_rework_probability,transition_scrap_probability,cvar_tail_risk_index,residual_life_mean_h_after,residual_life_std_h_after,reliability_estimate_after,failure_probability_after,measured_dimension_deviation_mm,measured_geometric_error_mm,measured_runout_error_mm,measured_backlash_mm,signed_dimension_chain_contribution_mm,absolute_dimension_chain_contribution_mm,target_value_mm,max_dimension_chain_error_mm,tolerance_lower_mm,tolerance_upper_mm,selective_assembly_bin_count,matching_bin_id,matching_bin_center_mm,matching_edge_margin_normalized,life_bin_id,quality_bin_id,in_tolerance_flag,life_requirement_flag,reliability_requirement_flag,quality_state_requirement_flag,source_compatibility_flag,crack_ok_flag,quality_loss_requirement_flag,eligibility_flag,quality_loss_value,quality_loss_coefficient,max_quality_loss,expected_processing_time_h,expected_processing_cost_rmb,expected_energy_kwh,expected_water_m3,expected_carbon_kg,precision_score,life_score,reliability_score,quality_score_component,cost_score,green_score,risk_score,overall_candidate_score,allocation_priority_class,shortage_priority,assembly_priority,scenario_sensitivity,empirical_original_quality_score,empirical_failure_prior,component_inspection_confidence,candidate_generation_type,data_type,source_url,notes,new_backup_candidate_flag,stage5_route_candidate_exists,stage5_consistent_candidate_flag,old_candidate_flag
AC00013269,AR_CK6150_01_spindle_radial_runout,CK6150,cnc_lathe,spindle_radial_runout,rotation_accuracy,spindle_system,chuck,NEW_FROM_C000890_chuck_01,C000890,1.0,new_replacement,available_after_planned_route,missing,D,R6,inspection_recommended,A,0.89736,0.989267,0.017223,0.000825,0.048953,19740.011,998.213,0.971,0.030958,0.0,0.0,0.0,0.0,0.0001,0.0001,0.0,0.008208,-0.008208,0.008208,5,B03,0.0,0.98782,L4_high_margin,Q4_high,1,1,1,1,1,1,1,1,0.00199304,199304.335,0.098213,4.0863,13219.3,6.09264,0.000799,4.08911,0.987817,1.0,1.0,0.9952,0.511685,0.529657,0.937116,0.904719,preferred,5,5,high,0.03,1.0,0.767,inspected_core_component,case_calibrated_synthetic,https://asmedigitalcollection.asme.org/manufacturingscience/article/140/7/071015/473238/A-Multistage-Approach-to-the-Selective-Assembly-of,Candidate generated from inspected returned-core component and planned route outcome for selective assembly optimisation.,1,0,1,0
AC00015097,AR_CK6150_01_spindle_radial_runout,CK6150,cnc_lathe,spindle_radial_runout,rotation_accuracy,spindle_system,chuck,NEW_FROM_C001022_chuck_01,C001022,1.0,new_replacement,available_after_planned_route,missing,D,R6,inspection_recommended,A,0.89736,0.989267,0.017223,0.000825,0.048953,22496.939,1049.578,0.971,0.030958,0.0,0.0,0.0,0.0,0.0001,0.0001,0.0,0.008208,-0.008208,0.008208,5,B03,0.0,0.98782,L4_high_margin,Q4_high,1,1,1,1,1,1,1,1,0.00199304,199304.335,0.098213,4.0863,13219.3,6.09264,0.000799,4.08911,0.987817,1.0,1.0,0.9952,0.511685,0.529657,0.937116,0.904719,preferred,5,5,high,0.03,1.0,0.8,inspected_core_component,case_calibrated_synthetic,https://asmedigitalcollection.asme.org/manufacturingscience/article/140/7/071015/473238/A-Multistage-Approach-to-the-Selective-Assembly-of,Candidate generated from inspected returned-core component and planned route outcome for selective assembly optimisation.,1,0,1,0
AC00016426,AR_CK6150_01_spindle_radial_runout,CK6150,cnc_lathe,spindle_radial_runout,rotation_accuracy,spindle_system,chuck,NEW_FROM_C001095_chuck_01,C001095,1.0,new_replacement,available_after_planned_route,missing,D,R6,inspection_recommended,A,0.89736,0.989267,0.017223,0.000825,0.048953,22574.917,1416.463,0.971,0.030958,0.0,0.0,0.0,0.0,0.0001,0.0001,0.0,0.008208,-0.008208,0.008208,5,B03,0.0,0.98782,L4_high_margin,Q4_high,1,1,1,1,1,1,1,1,0.00199304,199304.335,0.098213,4.0863,13219.3,6.09264,0.000799,4.08911,0.987817,1.0,1.0,0.9952,0.511685,0.529657,0.937116,0.904719,preferred,5,5,high,0.03,1.0,0.824,inspected_core_component,case_calibrated_synthetic,https://asmedigitalcollection.asme.org/manufacturingscience/article/140/7/071015/473238/A-Multistage-Approach-to-the-Selective-Assembly-of,Candidate generated from inspected returned-core component and planned route outcome for selective assembly optimisation.,1,0,1,0
AC00017962,AR_CK6150_01_spindle_radial_runout,CK6150,cnc_lathe,spindle_radial_runout,rotation_accuracy,spindle_system,chuck,NEW_FROM_C001180_chuck_01,C001180,1.0,new_replacement,available_after_planned_route,missing,D,R6,inspection_recommended,A,0.89736,0.989267,0.017223,0.000825,0.048953,19487.864,1287.466,0.971,0.030958,0.0,0.0,0.0,0.0,-0.0001,0.0001,0.0,0.008208,-0.008208,0.008208,5,B03,0.0,0.98782,L4_high_margin,Q4_high,1,1,1,1,1,1,1,1,0.00199304,199304.335,0.098213,4.0863,13219.3,6.09264,0.000799,4.08911,0.987817,1.0,1.0,0.9952,0.511685,0.529657,0.937116,0.904719,preferred,5,5,high,0.03,1.0,0.8,inspected_core_component,case_calibrated_synthetic,https://asmedigitalcollection.asme.org/manufacturingscience/article/140/7/071015/473238/A-Multistage-Approach-to-the-Selective-Assembly-of,Candidate generated from inspected returned-core component and planned route outcome for selective assembly optimisation.,1,0,1,0
AC00018776,AR_CK6150_01_spindle_radial_runout,CK6150,cnc_lathe,spindle_radial_runout,rotation_accuracy,spindle_system,chuck,NEW_CK6150_chuck_000200,,,new,available_from_procurement_pool,new_part,A,R6,new_part_pool_for_shortage_and_reliability_backup,A,0.9575,0.99,0.01,0.001,0.036742,26124.003,952.4,0.986189,0.018384,0.000385,0.000359,0.000141,4.9e-05,0.000385,0.000385,0.0,0.008208,-0.008208,0.008208,5,B03,0.0,0.95309,L4_high_margin,Q4_high,1,1,1,1,1,1,1,1,0.02954886,199304.335,0.098213,2.09395,11273.02,0.86409,0.0,1.74571,0.953089,1.0,1.0,1.0,0.58358,0.995658,0.954986,0.942213,preferred,7,5,high,,,0.97,synthetic_supplier_new_part_premium,case_calibrated_synthetic,https://asmedigitalcollection.asme.org/manufacturingscience/article/140/7/071015/473238/A-Multistage-Approach-to-the-Selective-Assembly-of,"New-part candidate generated to guarantee shortage backup, procurement option and high-reliability assembly alternative.",1,0,1,0
AC00018777,AR_CK6150_01_spindle_radial_runout,CK6150,cnc_lathe,spindle_radial_runout,rotation_accuracy,spindle_system,chuck,NEW_CK6150_chuck_000201,,,new,available_from_procurement_pool,new_part,A,R6,new_part_pool_for_shortage_and_reliability_backup,A,0.95696,0.99,0.01,0.001,0.036742,20597.424,693.917,0.990092,0.014386,0.000585,0.00072,0.000222,0.000271,-0.000585,0.000585,0.0,0.008208,-0.008208,0.008208,5,B03,0.0,0.92868,L4_high_margin,Q4_high,1,1,1,1,1,1,1,1,0.06829864,199304.335,0.098213,2.0903,11272.58,0.86355,0.0,1.73654,0.92868,1.0,1.0,1.0,0.583596,0.99567,0.956785,0.936013,preferred,7,5,high,,,0.97,synthetic_supplier_new_part_premium,case_calibrated_synthetic,https://asmedigitalcollection.asme.org/manufacturingscience/article/140/7/071015/473238/A-Multistage-Approach-to-the-Selective-Assembly-of,"New-part candidate generated to guarantee shortage backup, procurement option and high-reliability assembly alternative.",1,0,1,0
AC00018780,AR_CK6150_01_spindle_radial_runout,CK6150,cnc_lathe,spindle_radial_runout,rotation_accuracy,spindle_system,chuck,NEW_CK6150_chuck_000204,,,new,available_from_procurement_pool,new_part,A,R6,new_part_pool_for_shortage_and_reliability_backup,A,0.87232,0.99,0.01,0.001,0.036742,23866.034,1059.831,0.970888,0.031943,3.9e-05,4.6e-05,2.4e-05,1.1e-05,-3.9e-05,3.9e-05,0.0,0.008208,-0.008208,0.008208,5,B03,0.0,0.9952,L4_high_margin,Q4_high,1,1,1,1,1,1,1,1,0.0003089,199304.335,0.098213,1.99267,9273.34,0.8489,0.0,1.58379,0.995204,1.0,1.0,0.949666,0.657447,0.995898,0.948884,0.953537,preferred,5,5,high,,,0.93,synthetic_supplier_new_part_standard,case_calibrated_synthetic,https://asmedigitalcollection.asme.org/manufacturingscience/article/140/7/071015/473238/A-Multistage-Approach-to-the-Selective-Assembly-of,"New-part candidate generated to guarantee shortage backup, procurement option and high-reliability assembly alternative.",1,0,1,0
AC00000747,AR_CK6150_01_spindle_radial_runout,CK6150,cnc_lathe,spindle_radial_runout,rotation_accuracy,spindle_system,spindle,NEW_FROM_C000049_spindle_01,C000049,1.0,new_replacement,available_after_planned_route,missing,D,R6,inspection_recommended,A,0.89728,0.989864,0.017425,0.000888,0.054565,24262.707,1120.108,0.966,0.036183,0.0,0.0,0.0,0.0,-0.0001,0.0001,0.0,0.008208,-0.008208,0.008208,5,B03,0.0,0.98782,L4_high_margin,Q4_high,1,1,1,1,1,1,1,1,0.00199304,199304.335,0.098213,5.6082,55382.25,9.26254,0.001001,6.08215,0.987817,1.0,1.0,0.995055,0.0,0.519241,0.929153,0.852061,preferred,5,5,high,0.03,1.0,0.9,inspected_core_component,case_calibrated_synthetic,https://asmedigitalcollection.asme.org/manufacturingscience/article/140/7/071015/473238/A-Multistage-Approach-to-the-Selective-Assembly-of,Candidate generated from inspected returned-core component and planned route outcome for selective assembly optimisation.,1,0,1,0
AC00018768,AR_CK6150_01_spindle_radial_runout,CK6150,cnc_lathe,spindle_radial_runout,rotation_accuracy,spindle_system,spindle,NEW_CK6150_spindle_000192,,,new,available_from_procurement_pool,new_part,A,R6,new_part_pool_for_shortage_and_reliability_backup,A,0.93204,0.99,0.01,0.001,0.036742,21322.361,814.733,0.991435,0.010957,0.000161,0.000113,0.000101,4.9e-05,0.000161,0.000161,0.0,0.008208,-0.008208,0.008208,5,B03,0.0,0.98038,L4_high_margin,Q4_high,1,1,1,1,1,1,1,1,0.0051699,199304.335,0.098213,1.80468,29227.49,0.8207,0.0,5.07243,0.980378,1.0,1.0,1.0,0.0,0.991608,0.958328,0.890893,preferred,7,5,high,,,0.97,synthetic_supplier_new_part_premium,case_calibrated_synthetic,https://asmedigitalcollection.asme.org/manufacturingscience/article/140/7/071015/473238/A-Multistage-Approach-to-the-Selective-Assembly-of,"New-part candidate generated to guarantee shortage backup, procurement option and high-reliability assembly alternative.",1,0,1,0
AC00018769,AR_CK6150_01_spindle_radial_runout,CK6150,cnc_lathe,spindle_radial_runout,rotation_accuracy,spindle_system,spindle,NEW_CK6150_spindle_000193,,,new,available_from_procurement_pool,new_part,A,R6,new_part_pool_for_shortage_and_reliability_backup,A,0.89368,0.99,0.01,0.001,0.036742,24507.347,1050.965,0.969925,0.037184,0.000323,0.000404,0.000191,9.4e-05,-0.000323,0.000323,0.0,0.008208,-0.008208,0.008208,5,B03,0.0,0.96062,L4_high_margin,Q4_high,1,1,1,1,1,1,1,1,0.02082715,199304.335,0.098213,1.8758,24004.55,0.83137,0.0,5.4276,0.960616,1.0,1.0,0.988501,0.113283,0.991137,0.946526,0.894607,preferred,5,5,high,,,0.93,synthetic_supplier_new_part_standard,case_calibrated_synthetic,https://asmedigitalcollection.asme.org/manufacturingscience/article/140/7/071015/473238/A-Multistage-Approach-to-the-Selective-Assembly-of,"New-part candidate generated to guarantee shortage backup, procurement option and high-reliability assembly alternative.",1,0,1,0
AC00018770,AR_CK6150_01_spindle_radial_runout,CK6150,cnc_lathe,spindle_radial_runout,rotation_accuracy,spindle_system,spindle,NEW_CK6150_spindle_000194,,,new,available_from_procurement_pool,new_part,A,R6,new_part_pool_for_shortage_and_reliability_backup,A,0.9435,0.99,0.01,0.001,0.036742,23791.775,1257.087,0.992346,0.011736,0.000685,0.000598,0.000237,0.000318,0.000685,0.000685,0.0,0.008208,-0.008208,0.008208,5,B03,0.0,0.9166,L4_high_margin,Q4_high,1,1,1,1,1,1,1,1,0.09338519,199304.335,0.098213,1.79807,29226.7,0.81971,0.0,3.9556,0.916604,1.0,1.0,1.0,0.0,0.993006,0.957977,0.874396,preferred,7,5,high,,,0.97,synthetic_supplier_new_part_premium,case_calibrated_synthetic,https://asmedigitalcollection.asme.org/manufacturingscience/article/140/7/071015/473238/A-Multistage-Approach-to-the-Selective-Assembly-of,"New-part candidate generated to guarantee shortage backup, procurement option and high-reliability assembly alternative.",1,0,1,0
AC00018771,AR_CK6150_01_spindle_radial_runout,CK6150,cnc_lathe,spindle_radial_runout,rotation_accuracy,spindle_system,spindle,NEW_CK6150_spindle_000195,,,new,available_from_procurement_pool,new_part,A,R6,new_part_pool_for_shortage_and_reliability_backup,A,0.84966,0.975,0.03,0.005,0.071742,21430.316,683.618,0.949304,0.052866,0.000604,0.000738,0.000496,0.000142,0.000604,0.000604,0.0,0.008208,-0.008208,0.008208,5,B03,0.0,0.92641,L4_high_margin,Q3_good,1,1,1,1,1,1,1,1,0.07272009,199304.335,0.098213,1.81656,20668.31,0.82248,0.0,3.79307,0.926408,1.0,0.938806,0.908479,0.236522,0.993202,0.904469,0.874031,preferred,5,5,high,,,0.88,synthetic_supplier_new_part_economy,case_calibrated_synthetic,https://asmedigitalcollection.asme.org/manufacturingscience/article/140/7/071015/473238/A-Multistage-Approach-to-the-Selective-Assembly-of,"New-part candidate generated to guarantee shortage backup, procurement option and high-reliability assembly alternative.",1,0,1,0
AC00018774,AR_CK6150_01_spindle_radial_runout,CK6150,cnc_lathe,spindle_radial_runout,rotation_accuracy,spindle_system,spindle,NEW_CK6150_spindle_000198,,,new,available_from_procurement_pool,new_part,A,R6,new_part_pool_for_shortage_and_reliability_backup,A,0.8929,0.99,0.01,0.001,0.036742,24648.375,874.187,0.993846,0.010911,0.000584,0.000614,0.000487,0.000242,0.000584,0.000584,0.0,0.008208,-0.008208,0.008208,5,B03,0.0,0.92879,L4_high_margin,Q4_high,1,1,1,1,1,1,1,1,0.06808319,199304.335,0.098213,2.07433,29259.85,0.86115,0.0,3.62328,0.928793,1.0,1.0,0.987095,0.0,0.993318,0.958349,0.875942,preferred,7,5,high,,,0.97,synthetic_supplier_new_part_premium,case_calibrated_synthetic,https://asmedigitalcollection.asme.org/manufacturingscience/article/140/7/071015/473238/A-Multistage-Approach-to-the-Selective-Assembly-of,"New-part candidate generated to guarantee shortage backup, procurement option and high-reliability assembly alternative.",1,0,1,0
AC00018756,AR_CK6150_02_spindle_bed_parallelism,CK6150,cnc_lathe,spindle_bed_parallelism,geometric_accuracy,spindle_bed_alignment,bed,NEW_CK6150_bed_000180,,,new,available_from_procurement_pool,new_part,A,R6,new_part_pool_for_shortage_and_reliability_backup,A,0.87848,0.99,0.01,0.001,0.037349,22881.601,934.017,0.970203,0.033413,0.000323,0.000291,0.000114,7.1e-05,-0.000323,0.000323,0.0,0.01098,-0.01098,0.01098,5,B03,0.0,0.97056,L4_high_margin,Q4_high,1,1,1,1,1,1,1,1,0.02850676,272736.265,0.157567,1.85899,33944.8,0.82885,0.0,4.22457,0.970556,1.0,1.0,0.960878,0.178473,0.992647,0.947615,0.900327,preferred,5,5,high,,,0.93,synthetic_supplier_new_part_standard,case_calibrated_synthetic,https://asmedigitalcollection.asme.org/manufacturingscience/article/140/7/071015/473238/A-Multistage-Approach-to-the-Selective-Assembly-of,"New-part candidate generated to guarantee shortage backup, procurement option and high-reliability assembly alternative.",1,0,1,0
AC00018757,AR_CK6150_02_spindle_bed_parallelism,CK6150,cnc_lathe,spindle_bed_parallelism,geometric_accuracy,spindle_bed_alignment,bed,NEW_CK6150_bed_000181,,,new,available_from_procurement_pool,new_part,A,R6,new_part_pool_for_shortage_and_reliability_backup,A,0.88848,0.99,0.01,0.001,0.037349,22257.537,725.332,0.963804,0.040488,0.000465,0.000342,0.000154,0.000292,0.000465,0.000465,0.0,0.01098,-0.01098,0.01098,5,B03,0.0,0.95767,L4_high_margin,Q4_high,1,1,1,1,1,1,1,1,0.0589062,272736.265,0.157567,2.08806,33972.29,0.86321,0.0,4.27164,0.957674,1.0,1.0,0.979047,0.177808,0.992502,0.944432,0.899007,preferred,5,5,high,,,0.93,synthetic_supplier_new_part_standard,case_calibrated_synthetic,https://asmedigitalcollection.asme.org/manufacturingscience/article/140/7/071015/473238/A-Multistage-Approach-to-the-Selective-Assembly-of,"New-part candidate generated to guarantee shortage backup, procurement option and high-reliability assembly alternative.",1,0,1,0
AC00018480,AR_CK6150_02_spindle_bed_parallelism,CK6150,cnc_lathe,spindle_bed_parallelism,geometric_accuracy,spindle_bed_alignment,guideway,NEW_FROM_C001214_guideway_02,C001214,2.0,new_replacement,available_after_planned_route,missing,D,R6,inspection_recommended,A,0.89731,0.989865,0.017424,0.00087,0.052921,23205.283,1220.761,0.967,0.035117,0.0,0.0,0.0,0.0,-0.0001,0.0001,0.0,0.01098,-0.01098,0.01098,5,B03,0.0,0.99089,L4_high_margin,Q4_high,1,1,1,1,1,1,1,1,0.00272736,272736.265,0.157567,5.5244,35543.46,9.75937,0.000997,6.37317,0.990893,1.0,1.0,0.995109,0.139782,0.517635,0.931276,0.866887,preferred,5,5,high,0.03,1.0,0.848,inspected_core_component,case_calibrated_synthetic,https://asmedigitalcollection.asme.org/manufacturingscience/article/140/7/071015/473238/A-Multistage-Approach-to-the-Selective-Assembly-of,Candidate generated from inspected returned-core component and planned route outcome for selective assembly optimisation.,1,0,1,0
AC00018538,AR_CK6150_02_spindle_bed_parallelism,CK6150,cnc_lathe,spindle_bed_parallelism,geometric_accuracy,spindle_bed_alignment,guideway,NEW_FROM_C001224_guideway_01,C001224,1.0,new_replacement,available_after_planned_route,missing,D,R6,inspection_recommended,A,0.89731,0.989865,0.017424,0.00087,0.052921,22463.24,1477.26,0.967,0.035117,0.0,0.0,0.0,0.0,-0.0001,0.0001,0.0,0.01098,-0.01098,0.01098,5,B03,0.0,0.99089,L4_high_margin,Q4_high,1,1,1,1,1,1,1,1,0.00272736,272736.265,0.157567,5.5244,35543.46,9.75937,0.000997,6.37317,0.990893,1.0,1.0,0.995109,0.139782,0.517635,0.931276,0.866887,preferred,5,5,high,0.03,1.0,0.876,inspected_core_component,case_calibrated_synthetic,https://asmedigitalcollection.asme.org/manufacturingscience/article/140/7/071015/473238/A-Multistage-Approach-to-the-Selective-Assembly-of,Candidate generated from inspected returned-core component and planned route outcome for selective assembly optimisation.,1,0,1,0
AC00018764,AR_CK6150_02_spindle_bed_parallelism,CK6150,cnc_lathe,spindle_bed_parallelism,geometric_accuracy,spindle_bed_alignment,guideway,NEW_CK6150_guideway_000188,,,new,available_from_procurement_pool,new_part,A,R6,new_part_pool_for_shortage_and_reliability_backup,A,0.93358,0.99,0.01,0.001,0.037349,22096.343,1179.862,0.98913,0.014218,5.1e-05,3.6e-05,3.2e-05,1.7e-05,-5.1e-05,5.1e-05,0.0,0.01098,-0.01098,0.01098,5,B03,0.0,0.99533,L4_high_margin,Q4_high,1,1,1,1,1,1,1,1,0.00071811,272736.265,0.157567,1.75994,21713.16,0.81399,0.0,3.34974,0.995327,1.0,1.0,1.0,0.474501,0.993778,0.956253,0.942238,preferred,7,5,high,,,0.97,synthetic_supplier_new_part_premium,case_calibrated_synthetic,https://asmedigitalcollection.asme.org/manufacturingscience/article/140/7/071015/473238/A-Multistage-Approach-to-the-Selective-Assembly-of,"New-part candidate generated to guarantee shortage backup, procurement option and high-reliability assembly alternative.",1,0,1,0
AC00018766,AR_CK6150_02_spindle_bed_parallelism,CK6150,cnc_lathe,spindle_bed_parallelism,geometric_accuracy,spindle_bed_alignment,guideway,NEW_CK6150_guideway_000190,,,new,available_from_procurement_pool,new_part,A,R6,new_part_pool_for_shortage_and_reliability_backup,A,0.93724,0.99,0.01,0.001,0.037349,21847.666,925.65,0.987033,0.016596,0.000376,0.000362,0.000238,8.9e-05,-0.000376,0.000376,0.0,0.01098,-0.01098,0.01098,5,B03,0.0,0.96574,L4_high_margin,Q4_high,1,1,1,1,1,1,1,1,0.03859739,272736.265,0.157567,2.07082,21750.46,0.86062,0.0,4.06825,0.965739,1.0,1.0,1.0,0.473599,0.992763,0.955183,0.934288,preferred,7,5,high,,,0.97,synthetic_supplier_new_part_premium,case_calibrated_synthetic,https://asmedigitalcollection.asme.org/manufacturingscience/article/140/7/071015/473238/A-Multistage-Approach-to-the-Selective-Assembly-of,"New-part candidate generated to guarantee shortage backup, procurement option and high-reliability assembly alternative.",1,0,1,0
AC00000746,AR_CK6150_02_spindle_bed_parallelism,CK6150,cnc_lathe,spindle_bed_parallelism,geometric_accuracy,spindle_bed_alignment,spindle,NEW_FROM_C000049_spindle_01,C000049,1.0,new_replacement,available_after_planned_route,missing,D,R6,inspection_recommended,A,0.89728,0.989864,0.017425,0.000888,0.054565,24262.707,1120.108,0.966,0.036183,0.0,0.0,0.0,0.0,-0.0001,0.0001,0.0,0.01098,-0.01098,0.01098,5,B03,0.0,0.99089,L4_high_margin,Q4_high,1,1,1,1,1,1,1,1,0.00272736,272736.265,0.157567,5.6082,55382.25,9.26254,0.001001,6.08215,0.990893,1.0,1.0,0.995055,0.0,0.519241,0.929153,0.852861,preferred,5,5,high,0.03,1.0,0.9,inspected_core_component,case_calibrated_synthetic,https://asmedigitalcollection.asme.org/manufacturingscience/article/140/7/071015/473238/A-Multistage-Approach-to-the-Selective-Assembly-of,Candidate generated from inspected returned-core component and planned route outcome for selective assembly optimisation.,1,0,1,0
AC00018749,AR_CK6150_02_spindle_bed_parallelism,CK6150,cnc_lathe,spindle_bed_parallelism,geometric_accuracy,spindle_bed_alignment,spindle,NEW_CK6150_spindle_000173,,,new,available_from_procurement_pool,new_part,A,R6,new_part_pool_for_shortage_and_reliability_backup,A,0.88663,0.99,0.01,0.001,0.037349,23340.596,1058.807,0.974141,0.030905,0.000253,0.000246,0.000137,9.7e-05,-0.000253,0.000253,0.0,0.01098,-0.01098,0.01098,5,B03,0.0,0.977,L4_high_margin,Q4_high,1,1,1,1,1,1,1,1,0.01740159,272736.265,0.157567,1.96583,24015.35,0.84487,0.0,3.34317,0.976995,1.0,1.0,0.975695,0.418784,0.993709,0.948744,0.928134,preferred,5,5,high,,,0.93,synthetic_supplier_new_part_standard,case_calibrated_synthetic,https://asmedigitalcollection.asme.org/manufacturingscience/article/140/7/071015/473238/A-Multistage-Approach-to-the-Selective-Assembly-of,"New-part candidate generated to guarantee shortage backup, procurement option and high-reliability assembly alternative.",1,0,1,0
AC00018751,AR_CK6150_02_spindle_bed_parallelism,CK6150,cnc_lathe,spindle_bed_parallelism,geometric_accuracy,spindle_bed_alignment,spindle,NEW_CK6150_spindle_000175,,,new,available_from_procurement_pool,new_part,A,R6,new_part_pool_for_shortage_and_reliability_backup,A,0.96379,0.99,0.01,0.001,0.037349,24941.55,767.345,0.990683,0.013958,0.000461,0.000492,0.000391,8.9e-05,0.000461,0.000461,0.0,0.01098,-0.01098,0.01098,5,B03,0.0,0.95805,L4_high_margin,Q4_high,1,1,1,1,1,1,1,1,0.05786232,272736.265,0.157567,1.81868,29229.17,0.8228,0.0,5.47419,0.958051,1.0,1.0,1.0,0.2926,0.9911,0.95637,0.914151,preferred,7,5,high,,,0.97,synthetic_supplier_new_part_premium,case_calibrated_synthetic,https://asmedigitalcollection.asme.org/manufacturingscience/article/140/7/071015/473238/A-Multistage-Approach-to-the-Selective-Assembly-of,"New-part candidate generated to guarantee shortage backup, procurement option and high-reliability assembly alternative.",1,0,1,0
AC00018753,AR_CK6150_02_spindle_bed_parallelism,CK6150,cnc_lathe,spindle_bed_parallelism,geometric_accuracy,spindle_bed_alignment,spindle,NEW_CK6150_spindle_000177,,,new,available_from_procurement_pool,new_part,A,R6,new_part_pool_for_shortage_and_reliability_backup,A,0.90049,0.99,0.01,0.001,0.037349,25563.423,805.93,0.976046,0.029931,0.000392,0.000286,0.000224,0.000166,-0.000392,0.000392,0.0,0.01098,-0.01098,0.01098,5,B03,0.0,0.96427,L4_high_margin,Q4_high,1,1,1,1,1,1,1,1,0.04198145,272736.265,0.157567,1.85562,24002.12,0.82834,0.0,4.65425,0.964268,1.0,1.0,1.0,0.419104,0.992111,0.949182,0.927924,preferred,5,5,high,,,0.93,synthetic_supplier_new_part_standard,case_calibrated_synthetic,https://asmedigitalcollection.asme.org/manufacturingscience/article/140/7/071015/473238/A-Multistage-Approach-to-the-Selective-Assembly-of,"New-part candidate generated to guarantee shortage backup, procurement option and high-reliability assembly alternative.",1,0,1,0
AC00018734,AR_CK6150_03_guideway_pair_parallelism,CK6150,cnc_lathe,guideway_pair_parallelism,geometric_accuracy,feed_guide_system,bed,NEW_CK6150_bed_000158,,,new,available_from_procurement_pool,new_part,A,R6,new_part_pool_for_shortage_and_reliability_backup,A,0.89596,0.99,0.01,0.001,0.037295,21064.61,655.855,0.969581,0.034302,0.00051,0.000625,0.000361,0.000114,-0.00051,0.00051,0.0,0.01081,-0.01081,0.01081,5,B03,0.0,0.95279,L4_high_margin,Q4_high,1,1,1,1,1,1,1,1,0.05636113,216422.399,0.118209,1.82829,33941.12,0.82424,0.0,6.01056,0.952792,1.0,1.0,0.992647,0.198759,0.990426,0.947269,0.901662,preferred,5,5,high,,,0.93,synthetic_supplier_new_part_standard,case_calibrated_synthetic,https://asmedigitalcollection.asme.org/manufacturingscience/article/140/7/071015/473238/A-Multistage-Approach-to-the-Selective-Assembly-of,"New-part candidate generated to guarantee shortage backup, procurement option and high-reliability assembly alternative.",1,0,1,0
AC00018737,AR_CK6150_03_guideway_pair_parallelism,CK6150,cnc_lathe,guideway_pair_parallelism,geometric_accuracy,feed_guide_system,bed,NEW_CK6150_bed_000161,,,new,available_from_procurement_pool,new_part,A,R6,new_part_pool_for_shortage_and_reliability_backup,A,0.92334,0.99,0.01,0.001,0.037295,20446.498,905.336,0.992953,0.01006,0.000268,0.000327,0.000214,0.00017,-0.000268,0.000268,0.0,0.01081,-0.01081,0.01081,5,B03,0.0,0.9752,L4_high_margin,Q4_high,1,1,1,1,1,1,1,1,0.01555654,216422.399,0.118209,1.95706,41375.35,0.84356,0.0,4.53472,0.975198,1.0,1.0,1.0,0.023261,0.992223,0.958178,0.89191,preferred,7,5,high,,,0.97,synthetic_supplier_new_part_premium,case_calibrated_synthetic,https://asmedigitalcollection.asme.org/manufacturingscience/article/140/7/071015/473238/A-Multistage-Approach-to-the-Selective-Assembly-of,"New-part candidate generated to guarantee shortage backup, procurement option and high-reliability assembly alternative.",1,0,1,0
AC00018479,AR_CK6150_03_guideway_pair_parallelism,CK6150,cnc_lathe,guideway_pair_parallelism,geometric_accuracy,feed_guide_system,guideway,NEW_FROM_C001214_guideway_02,C001214,2.0,new_replacement,available_after_planned_route,missing,D,R6,inspection_recommended,A,0.89731,0.989865,0.017424,0.00087,0.052921,23205.283,1220.761,0.967,0.035117,0.0,0.0,0.0,0.0,0.0001,0.0001,0.0,0.01081,-0.01081,0.01081,5,B03,0.0,0.99075,L4_high_margin,Q4_high,1,1,1,1,1,1,1,1,0.00216422,216422.399,0.118209,5.5244,35543.46,9.75937,0.000997,6.37317,0.990749,1.0,1.0,0.995109,0.160933,0.517635,0.931276,0.868965,preferred,5,5,high,0.03,1.0,0.848,inspected_core_component,case_calibrated_synthetic,https://asmedigitalcollection.asme.org/manufacturingscience/article/140/7/071015/473238/A-Multistage-Approach-to-the-Selective-Assembly-of,Candidate generated from inspected returned-core component and planned route outcome for selective assembly optimisation.,1,0,1,0
AC00018537,AR_CK6150_03_guideway_pair_parallelism,CK6150,cnc_lathe,guideway_pair_parallelism,geometric_accuracy,feed_guide_system,guideway,NEW_FROM_C001224_guideway_01,C001224,1.0,new_replacement,available_after_planned_route,missing,D,R6,inspection_recommended,A,0.89731,0.989865,0.017424,0.00087,0.052921,22463.24,1477.26,0.967,0.035117,0.0,0.0,0.0,0.0,0.0001,0.0001,0.0,0.01081,-0.01081,0.01081,5,B03,0.0,0.99075,L4_high_margin,Q4_high,1,1,1,1,1,1,1,1,0.00216422,216422.399,0.118209,5.5244,35543.46,9.75937,0.000997,6.37317,0.990749,1.0,1.0,0.995109,0.160933,0.517635,0.931276,0.868965,preferred,5,5,high,0.03,1.0,0.876,inspected_core_component,case_calibrated_synthetic,https://asmedigitalcollection.asme.org/manufacturingscience/article/140/7/071015/473238/A-Multistage-Approach-to-the-Selective-Assembly-of,Candidate generated from inspected returned-core component and planned route outcome for selective assembly optimisation.,1,0,1,0
AC00018741,AR_CK6150_03_guideway_pair_parallelism,CK6150,cnc_lathe,guideway_pair_parallelism,geometric_accuracy,feed_guide_system,guideway,NEW_CK6150_guideway_000165,,,new,available_from_procurement_pool,new_part,A,R6,new_part_pool_for_shortage_and_reliability_backup,A,0.95731,0.99,0.01,0.001,0.037295,23503.332,712.297,0.991081,0.011799,0.000314,0.000368,0.000171,9.7e-05,0.000314,0.000314,0.0,0.01081,-0.01081,0.01081,5,B03,0.0,0.971,L4_high_margin,Q4_high,1,1,1,1,1,1,1,1,0.02127109,216422.399,0.118209,1.92821,21733.35,0.83923,0.0,3.20433,0.970999,1.0,1.0,1.0,0.486945,0.993897,0.957395,0.937258,preferred,7,5,high,,,0.97,synthetic_supplier_new_part_premium,case_calibrated_synthetic,https://asmedigitalcollection.asme.org/manufacturingscience/article/140/7/071015/473238/A-Multistage-Approach-to-the-Selective-Assembly-of,"New-part candidate generated to guarantee shortage backup, procurement option and high-reliability assembly alternative.",1,0,1,0
AC00001864,AR_CK6150_04_feed_axis_backlash,CK6150,cnc_lathe,feed_axis_backlash,positioning_accuracy,feed_drive,ball_screw,NEW_FROM_C000125_ball_screw_01,C000125,1.0,new_replacement,available_after_planned_route,missing,D,R6,inspection_recommended,A,0.89732,0.989666,0.017224,0.000857,0.051963,21361.414,1180.92,0.9686,0.033479,0.0,0.0,0.0,0.0,-0.0001,0.0001,0.0,0.013259,-0.013259,0.013259,4,B02,-0.003315,0.99246,L4_high_margin,Q4_high,1,1,1,1,1,1,1,1,0.00132008,132007.993,0.200722,4.9587,37149.76,7.51985,0.000925,5.01222,0.992458,1.0,1.0,0.995127,0.0,0.524935,0.932972,0.854038,preferred,3,4,high,0.03,1.0,0.84,inspected_core_component,case_calibrated_synthetic,https://asmedigitalcollection.asme.org/manufacturingscience/article/140/7/071015/473238/A-Multistage-Approach-to-the-Selective-Assembly-of,Candidate generated from inspected returned-core component and planned route outcome for selective assembly optimisation.,1,0,1,0
AC00001865,AR_CK6150_04_feed_axis_backlash,CK6150,cnc_lathe,feed_axis_backlash,positioning_accuracy,feed_drive,ball_screw,NEW_FROM_C000125_ball_screw_02,C000125,2.0,new_replacement,available_after_planned_route,missing,D,R6,inspection_recommended,A,0.89732,0.989666,0.017224,0.000857,0.051963,24346.44,1296.204,0.9686,0.033479,0.0,0.0,0.0,0.0,0.0001,0.0001,0.0,0.013259,-0.013259,0.013259,4,B03,0.003315,0.99246,L4_high_margin,Q4_high,1,1,1,1,1,1,1,1,0.00132008,132007.993,0.200722,4.9587,37149.76,7.51985,0.000925,5.01222,0.992458,1.0,1.0,0.995127,0.0,0.524935,0.932972,0.854038,preferred,3,4,high,0.03,1.0,0.84,inspected_core_component,case_calibrated_synthetic,https://asmedigitalcollection.asme.org/manufacturingscience/article/140/7/071015/473238/A-Multistage-Approach-to-the-Selective-Assembly-of,Candidate generated from inspected returned-core component and planned route outcome for selective assembly optimisation.,1,0,1,0
AC00013921,AR_CK6150_04_feed_axis_backlash,CK6150,cnc_lathe,feed_axis_backlash,positioning_accuracy,feed_drive,ball_screw,NEW_FROM_C000921_ball_screw_02,C000921,2.0,new_replacement,available_after_planned_route,missing,D,R6,inspection_recommended,A,0.89732,0.989666,0.017224,0.000857,0.051963,21502.12,900.569,0.9686,0.033479,0.0,0.0,0.0,0.0,0.0001,0.0001,0.0,0.013259,-0.013259,0.013259,4,B03,0.003315,0.99246,L4_high_margin,Q4_high,1,1,1,1,1,1,1,1,0.00132008,132007.993,0.200722,4.9587,37149.76,7.51985,0.000925,5.01222,0.992458,1.0,1.0,0.995127,0.0,0.524935,0.932972,0.854038,preferred,3,4,high,0.03,1.0,0.822,inspected_core_component,case_calibrated_synthetic,https://asmedigitalcollection.asme.org/manufacturingscience/article/140/7/071015/473238/A-Multistage-Approach-to-the-Selective-Assembly-of,Candidate generated from inspected returned-core component and planned route outcome for selective assembly optimisation.,1,0,1,0
AC00017958,AR_CK6150_04_feed_axis_backlash,CK6150,cnc_lathe,feed_axis_backlash,positioning_accuracy,feed_drive,ball_screw,NEW_FROM_C001180_ball_screw_02,C001180,2.0,new_replacement,available_after_planned_route,missing,D,R6,inspection_recommended,A,0.89732,0.989666,0.017224,0.000857,0.051963,18745.391,931.267,0.9686,0.033479,0.0,0.0,0.0,0.0,-0.0001,0.0001,0.0,0.013259,-0.013259,0.013259,4,B02,-0.003315,0.99246,L4_high_margin,Q4_high,1,1,1,1,1,1,1,1,0.00132008,132007.993,0.200722,4.9587,37149.76,7.51985,0.000925,5.01222,0.992458,1.0,1.0,0.995127,0.0,0.524935,0.932972,0.854038,preferred,3,4,high,0.03,1.0,0.84,inspected_core_component,case_calibrated_synthetic,https://asmedigitalcollection.asme.org/manufacturingscience/article/140/7/071015/473238/A-Multistage-Approach-to-the-Selective-Assembly-of,Candidate generated from inspected returned-core component and planned route outcome for selective assembly optimisation.,1,0,1,0
AC00018784,AR_CK6150_04_feed_axis_backlash,CK6150,cnc_lathe,feed_axis_backlash,positioning_accuracy,feed_drive,ball_screw,NEW_CK6150_ball_screw_000208,,,new,available_from_procurement_pool,new_part,A,R6,new_part_pool_for_shortage_and_reliability_backup,A,0.91179,0.99,0.01,0.001,0.036526,22275.226,683.142,0.970107,0.035321,0.000788,0.000991,0.000367,0.000173,0.000788,0.000788,0.0,0.013259,-0.013259,0.013259,4,B03,0.003315,0.94055,L4_high_margin,Q4_high,1,1,1,1,1,1,1,1,0.08202464,132007.993,0.200722,1.81005,13050.03,0.82151,0.0,2.0547,0.940549,1.0,1.0,1.0,0.429973,0.995378,0.94758,0.922977,preferred,4,4,high,,,0.93,synthetic_supplier_new_part_standard,case_calibrated_synthetic,https://asmedigitalcollection.asme.org/manufacturingscience/article/140/7/071015/473238/A-Multistage-Approach-to-the-Selective-Assembly-of,"New-part candidate generated to guarantee shortage backup, procurement option and high-reliability assembly alternative.",1,0,1,0
AC00018481,AR_CK6150_04_feed_axis_backlash,CK6150,cnc_lathe,feed_axis_backlash,positioning_accuracy,feed_drive,guideway,NEW_FROM_C001214_guideway_02,C001214,2.0,new_replacement,available_after_planned_route,missing,D,R6,inspection_recommended,A,0.89731,0.989865,0.017424,0.00087,0.052921,23205.283,1220.761,0.967,0.035117,0.0,0.0,0.0,0.0,-0.0001,0.0001,0.0,0.013259,-0.013259,0.013259,4,B02,-0.003315,0.99246,L4_high_margin,Q4_high,1,1,1,1,1,1,1,1,0.00132008,132007.993,0.200722,5.5244,35543.46,9.75937,0.000997,6.37317,0.992458,1.0,1.0,0.995109,0.0,0.517635,0.931276,0.853316,preferred,3,4,high,0.03,1.0,0.848,inspected_core_component,case_calibrated_synthetic,https://asmedigitalcollection.asme.org/manufacturingscience/article/140/7/071015/473238/A-Multistage-Approach-to-the-Selective-Assembly-of,Candidate generated from inspected returned-core component and planned route outcome for selective assembly optimisation.,1,0,1,0
AC00018539,AR_CK6150_04_feed_axis_backlash,CK6150,cnc_lathe,feed_axis_backlash,positioning_accuracy,feed_drive,guideway,NEW_FROM_C001224_guideway_01,C001224,1.0,new_replacement,available_after_planned_route,missing,D,R6,inspection_recommended,A,0.89731,0.989865,0.017424,0.00087,0.052921,22463.24,1477.26,0.967,0.035117,0.0,0.0,0.0,0.0,-0.0001,0.0001,0.0,0.013259,-0.013259,0.013259,4,B02,-0.003315,0.99246,L4_high_margin,Q4_high,1,1,1,1,1,1,1,1,0.00132008,132007.993,0.200722,5.5244,35543.46,9.75937,0.000997,6.37317,0.992458,1.0,1.0,0.995109,0.0,0.517635,0.931276,0.853316,preferred,3,4,high,0.03,1.0,0.876,inspected_core_component,case_calibrated_synthetic,https://asmedigitalcollection.asme.org/manufacturingscience/article/140/7/071015/473238/A-Multistage-Approach-to-the-Selective-Assembly-of,Candidate generated from inspected returned-core component and planned route outcome for selective assembly optimisation.,1,0,1,0
AC00018793,AR_CK6150_04_feed_axis_backlash,CK6150,cnc_lathe,feed_axis_backlash,positioning_accuracy,feed_drive,guideway,NEW_CK6150_guideway_000217,,,new,available_from_procurement_pool,new_part,A,R6,new_part_pool_for_shortage_and_reliability_backup,A,0.8832,0.99,0.01,0.001,0.036526,26140.199,1101.09,0.968273,0.034916,0.000935,0.001166,0.00033,0.000611,0.000935,0.000935,0.0,0.013259,-0.013259,0.013259,4,B03,0.003315,0.92946,L4_high_margin,Q4_high,1,1,1,1,1,1,1,1,0.11547205,132007.993,0.200722,1.68116,17826.3,0.80217,0.0,2.55069,0.929461,1.0,1.0,0.969463,0.221345,0.994806,0.947762,0.89523,preferred,4,4,high,,,0.93,synthetic_supplier_new_part_standard,case_calibrated_synthetic,https://asmedigitalcollection.asme.org/manufacturingscience/article/140/7/071015/473238/A-Multistage-Approach-to-the-Selective-Assembly-of,"New-part candidate generated to guarantee shortage backup, procurement option and high-reliability assembly alternative.",1,0,1,0
AC00018796,AR_CK6150_04_feed_axis_backlash,CK6150,cnc_lathe,feed_axis_backlash,positioning_accuracy,feed_drive,guideway,NEW_CK6150_guideway_000220,,,new,available_from_procurement_pool,new_part,A,R6,new_part_pool_for_shortage_and_reliability_backup,A,0.89985,0.99,0.01,0.001,0.036526,22857.643,1017.151,0.977329,0.02661,0.000675,0.000535,0.000355,0.000279,0.000675,0.000675,0.0,0.013259,-0.013259,0.013259,4,B03,0.003315,0.94912,L4_high_margin,Q4_high,1,1,1,1,1,1,1,1,0.06007292,132007.993,0.200722,1.85989,17847.75,0.82898,0.0,3.83125,0.949122,1.0,1.0,0.999723,0.220409,0.993138,0.9515,0.904348,preferred,4,4,high,,,0.93,synthetic_supplier_new_part_standard,case_calibrated_synthetic,https://asmedigitalcollection.asme.org/manufacturingscience/article/140/7/071015/473238/A-Multistage-Approach-to-the-Selective-Assembly-of,"New-part candidate generated to guarantee shortage backup, procurement option and high-reliability assembly alternative.",1,0,1,0
AC00005183,AR_CK6150_04_feed_axis_backlash,CK6150,cnc_lathe,feed_axis_backlash,positioning_accuracy,feed_drive,servo_axis,NEW_FROM_C000333_servo_axis_01,C000333,1.0,new_replacement,available_after_planned_route,missing,D,R6,inspection_recommended,A,0.89732,0.989466,0.017024,0.000857,0.05131,22380.525,1520.965,0.9694,0.032652,0.0,0.0,0.0,0.0,-0.0001,0.0001,0.0,0.013259,-0.013259,0.013259,4,B02,-0.003315,0.99246,L4_high_margin,Q4_high,1,1,1,1,1,1,1,1,0.00132008,132007.993,0.200722,4.2309,32641.6,5.92293,0.000848,3.99595,0.992458,1.0,1.0,0.995127,0.0,0.530198,0.933996,0.854541,preferred,3,4,high,0.03,1.0,0.837,inspected_core_component,case_calibrated_synthetic,https://asmedigitalcollection.asme.org/manufacturingscience/article/140/7/071015/473238/A-Multistage-Approach-to-the-Selective-Assembly-of,Candidate generated from inspected returned-core component and planned route outcome for selective assembly optimisation.,1,0,1,0
AC00005329,AR_CK6150_04_feed_axis_backlash,CK6150,cnc_lathe,feed_axis_backlash,positioning_accuracy,feed_drive,servo_axis,NEW_FROM_C000335_servo_axis_02,C000335,2.0,new_replacement,available_after_planned_route,missing,D,R6,inspection_recommended,A,0.89732,0.989466,0.017024,0.000857,0.05131,22998.701,1334.16,0.9694,0.032652,0.0,0.0,0.0,0.0,0.0001,0.0001,0.0,0.013259,-0.013259,0.013259,4,B03,0.003315,0.99246,L4_high_margin,Q4_high,1,1,1,1,1,1,1,1,0.00132008,132007.993,0.200722,4.2309,32641.6,5.92293,0.000848,3.99595,0.992458,1.0,1.0,0.995127,0.0,0.530198,0.933996,0.854541,preferred,3,4,high,0.03,1.0,0.816,inspected_core_component,case_calibrated_synthetic,https://asmedigitalcollection.asme.org/manufacturingscience/article/140/7/071015/473238/A-Multistage-Approach-to-the-Selective-Assembly-of,Candidate generated from inspected returned-core component and planned route outcome for selective assembly optimisation.,1,0,1,0
AC00006532,AR_CK6150_04_feed_axis_backlash,CK6150,cnc_lathe,feed_axis_backlash,positioning_accuracy,feed_drive,servo_axis,NEW_FROM_C000420_servo_axis_02,C000420,2.0,new_replacement,available_after_planned_route,missing,D,R6,inspection_recommended,A,0.89732,0.989466,0.017024,0.000857,0.05131,18925.606,673.58,0.9694,0.032652,0.0,0.0,0.0,0.0,-0.0001,0.0001,0.0,0.013259,-0.013259,0.013259,4,B02,-0.003315,0.99246,L4_high_margin,Q4_high,1,1,1,1,1,1,1,1,0.00132008,132007.993,0.200722,4.2309,32641.6,5.92293,0.000848,3.99595,0.992458,1.0,1.0,0.995127,0.0,0.530198,0.933996,0.854541,preferred,3,4,high,0.03,1.0,0.837,inspected_core_component,case_calibrated_synthetic,https://asmedigitalcollection.asme.org/manufacturingscience/article/140/7/071015/473238/A-Multistage-Approach-to-the-Selective-Assembly-of,Candidate generated from inspected returned-core component and planned route outcome for selective assembly optimisation.,1,0,1,0
AC00007073,AR_CK6150_04_feed_axis_backlash,CK6150,cnc_lathe,feed_axis_backlash,positioning_accuracy,feed_drive,servo_axis,NEW_FROM_C000467_servo_axis_02,C000467,2.0,new_replacement,available_after_planned_route,missing,D,R6,inspection_recommended,A,0.89732,0.989466,0.017024,0.000857,0.05131,19679.573,1274.547,0.9694,0.032652,0.0,0.0,0.0,0.0,0.0001,0.0001,0.0,0.013259,-0.013259,0.013259,4,B03,0.003315,0.99246,L4_high_margin,Q4_high,1,1,1,1,1,1,1,1,0.00132008,132007.993,0.200722,4.2309,32641.6,5.92293,0.000848,3.99595,0.992458,1.0,1.0,0.995127,0.0,0.530198,0.933996,0.854541,preferred,3,4,high,0.03,1.0,0.847,inspected_core_component,case_calibrated_synthetic,https://asmedigitalcollection.asme.org/manufacturingscience/article/140/7/071015/473238/A-Multistage-Approach-to-the-Selective-Assembly-of,Candidate generated from inspected returned-core component and planned route outcome for selective assembly optimisation.,1,0,1,0
AC00010762,AR_CK6150_04_feed_axis_backlash,CK6150,cnc_lathe,feed_axis_backlash,positioning_accuracy,feed_drive,servo_axis,NEW_FROM_C000730_servo_axis_01,C000730,1.0,new_replacement,available_after_planned_route,missing,D,R6,inspection_recommended,A,0.89732,0.989466,0.017024,0.000857,0.05131,22049.72,1170.787,0.9694,0.032652,0.0,0.0,0.0,0.0,0.0001,0.0001,0.0,0.013259,-0.013259,0.013259,4,B03,0.003315,0.99246,L4_high_margin,Q4_high,1,1,1,1,1,1,1,1,0.00132008,132007.993,0.200722,4.2309,32641.6,5.92293,0.000848,3.99595,0.992458,1.0,1.0,0.995127,0.0,0.530198,0.933996,0.854541,preferred,3,4,high,0.03,1.0,0.834,inspected_core_component,case_calibrated_synthetic,https://asmedigitalcollection.asme.org/manufacturingscience/article/140/7/071015/473238/A-Multistage-Approach-to-the-Selective-Assembly-of,Candidate generated from inspected returned-core component and planned route outcome for selective assembly optimisation.,1,0,1,0
AC00012515,AR_CK6150_04_feed_axis_backlash,CK6150,cnc_lathe,feed_axis_backlash,positioning_accuracy,feed_drive,servo_axis,NEW_FROM_C000839_servo_axis_02,C000839,2.0,new_replacement,available_after_planned_route,missing,D,R6,inspection_recommended,A,0.89732,0.989466,0.017024,0.000857,0.05131,23141.868,855.943,0.9694,0.032652,0.0,0.0,0.0,0.0,-0.0001,0.0001,0.0,0.013259,-0.013259,0.013259,4,B02,-0.003315,0.99246,L4_high_margin,Q4_high,1,1,1,1,1,1,1,1,0.00132008,132007.993,0.200722,4.2309,32641.6,5.92293,0.000848,3.99595,0.992458,1.0,1.0,0.995127,0.0,0.530198,0.933996,0.854541,preferred,3,4,high,0.03,1.0,0.825,inspected_core_component,case_calibrated_synthetic,https://asmedigitalcollection.asme.org/manufacturingscience/article/140/7/071015/473238/A-Multistage-Approach-to-the-Selective-Assembly-of,Candidate generated from inspected returned-core component and planned route outcome for selective assembly optimisation.,1,0,1,0
AC00013087,AR_CK6150_04_feed_axis_backlash,CK6150,cnc_lathe,feed_axis_backlash,positioning_accuracy,feed_drive,servo_axis,NEW_FROM_C000881_servo_axis_01,C000881,1.0,new_replacement,available_after_planned_route,missing,D,R6,inspection_recommended,A,0.89732,0.989466,0.017024,0.000857,0.05131,22579.411,964.665,0.9694,0.032652,0.0,0.0,0.0,0.0,-0.0001,0.0001,0.0,0.013259,-0.013259,0.013259,4,B02,-0.003315,0.99246,L4_high_margin,Q4_high,1,1,1,1,1,1,1,1,0.00132008,132007.993,0.200722,4.2309,32641.6,5.92293,0.000848,3.99595,0.992458,1.0,1.0,0.995127,0.0,0.530198,0.933996,0.854541,preferred,3,4,high,0.03,1.0,0.847,inspected_core_component,case_calibrated_synthetic,https://asmedigitalcollection.asme.org/manufacturingscience/article/140/7/071015/473238/A-Multistage-Approach-to-the-Selective-Assembly-of,Candidate generated from inspected returned-core component and planned route outcome for selective assembly optimisation.,1,0,1,0
AC00013495,AR_CK6150_04_feed_axis_backlash,CK6150,cnc_lathe,feed_axis_backlash,positioning_accuracy,feed_drive,servo_axis,NEW_FROM_C000902_servo_axis_01,C000902,1.0,new_replacement,available_after_planned_route,missing,D,R6,inspection_recommended,A,0.89732,0.989466,0.017024,0.000857,0.05131,24524.97,1517.374,0.9694,0.032652,0.0,0.0,0.0,0.0,-0.0001,0.0001,0.0,0.013259,-0.013259,0.013259,4,B02,-0.003315,0.99246,L4_high_margin,Q4_high,1,1,1,1,1,1,1,1,0.00132008,132007.993,0.200722,4.2309,32641.6,5.92293,0.000848,3.99595,0.992458,1.0,1.0,0.995127,0.0,0.530198,0.933996,0.854541,preferred,3,4,high,0.03,1.0,0.847,inspected_core_component,case_calibrated_synthetic,https://asmedigitalcollection.asme.org/manufacturingscience/article/140/7/071015/473238/A-Multistage-Approach-to-the-Selective-Assembly-of,Candidate generated from inspected returned-core component and planned route outcome for selective assembly optimisation.,1,0,1,0
AC00013888,AR_CK6150_04_feed_axis_backlash,CK6150,cnc_lathe,feed_axis_backlash,positioning_accuracy,feed_drive,servo_axis,NEW_FROM_C000931_servo_axis_01,C000931,1.0,new_replacement,available_after_planned_route,missing,D,R6,inspection_recommended,A,0.89732,0.989466,0.017024,0.000857,0.05131,18967.509,1050.13,0.9694,0.032652,0.0,0.0,0.0,0.0,-0.0001,0.0001,0.0,0.013259,-0.013259,0.013259,4,B02,-0.003315,0.99246,L4_high_margin,Q4_high,1,1,1,1,1,1,1,1,0.00132008,132007.993,0.200722,4.2309,32641.6,5.92293,0.000848,3.99595,0.992458,1.0,1.0,0.995127,0.0,0.530198,0.933996,0.854541,preferred,3,4,high,0.03,1.0,0.858,inspected_core_component,case_calibrated_synthetic,https://asmedigitalcollection.asme.org/manufacturingscience/article/140/7/071015/473238/A-Multistage-Approach-to-the-Selective-Assembly-of,Candidate generated from inspected returned-core component and planned route outcome for selective assembly optimisation.,1,0,1,0
AC00016435,AR_CK6150_04_feed_axis_backlash,CK6150,cnc_lathe,feed_axis_backlash,positioning_accuracy,feed_drive,servo_axis,NEW_FROM_C001095_servo_axis_01,C001095,1.0,new_replacement,available_after_planned_route,missing,D,R6,inspection_recommended,A,0.89732,0.989466,0.017024,0.000857,0.05131,20905.419,1108.993,0.9694,0.032652,0.0,0.0,0.0,0.0,-0.0001,0.0001,0.0,0.013259,-0.013259,0.013259,4,B02,-0.003315,0.99246,L4_high_margin,Q4_high,1,1,1,1,1,1,1,1,0.00132008,132007.993,0.200722,4.2309,32641.6,5.92293,0.000848,3.99595,0.992458,1.0,1.0,0.995127,0.0,0.530198,0.933996,0.854541,preferred,3,4,high,0.03,1.0,0.864,inspected_core_component,case_calibrated_synthetic,https://asmedigitalcollection.asme.org/manufacturingscience/article/140/7/071015/473238/A-Multistage-Approach-to-the-Selective-Assembly-of,Candidate generated from inspected returned-core component and planned route outcome for selective assembly optimisation.,1,0,1,0
AC00018207,AR_CK6150_04_feed_axis_backlash,CK6150,cnc_lathe,feed_axis_backlash,positioning_accuracy,feed_drive,servo_axis,NEW_FROM_C001203_servo_axis_01,C001203,1.0,new_replacement,available_after_planned_route,missing,D,R6,inspection_recommended,A,0.89732,0.989466,0.017024,0.000857,0.05131,21747.26,784.52,0.9694,0.032652,0.0,0.0,0.0,0.0,0.0001,0.0001,0.0,0.013259,-0.013259,0.013259,4,B03,0.003315,0.99246,L4_high_margin,Q4_high,1,1,1,1,1,1,1,1,0.00132008,132007.993,0.200722,4.2309,32641.6,5.92293,0.000848,3.99595,0.992458,1.0,1.0,0.995127,0.0,0.530198,0.933996,0.854541,preferred,3,4,high,0.03,1.0,0.854,inspected_core_component,case_calibrated_synthetic,https://asmedigitalcollection.asme.org/manufacturingscience/article/140/7/071015/473238/A-Multistage-Approach-to-the-Selective-Assembly-of,Candidate generated from inspected returned-core component and planned route outcome for selective assembly optimisation.,1,0,1,0
AC00018787,AR_CK6150_04_feed_axis_backlash,CK6150,cnc_lathe,feed_axis_backlash,positioning_accuracy,feed_drive,servo_axis,NEW_CK6150_servo_axis_000211,,,new,available_from_procurement_pool,new_part,A,R6,new_part_pool_for_shortage_and_reliability_backup,A,0.85465,0.99,0.01,0.001,0.036526,20351.611,908.594,0.969589,0.036614,0.000213,0.000198,0.000108,7.1e-05,-0.000213,0.000213,0.0,0.013259,-0.013259,0.013259,4,B02,-0.003315,0.98395,L4_high_margin,Q3_good,1,1,1,1,1,1,1,1,0.00597583,132007.993,0.200722,1.81153,11384.93,0.82173,0.0,2.42995,0.983953,1.0,1.0,0.917552,0.502705,0.994908,0.946998,0.930733,preferred,4,4,high,,,0.93,synthetic_supplier_new_part_standard,case_calibrated_synthetic,https://asmedigitalcollection.asme.org/manufacturingscience/article/140/7/071015/473238/A-Multistage-Approach-to-the-Selective-Assembly-of,"New-part candidate generated to guarantee shortage backup, procurement option and high-reliability assembly alternative.",1,0,1,0
AC00018788,AR_CK6150_04_feed_axis_backlash,CK6150,cnc_lathe,feed_axis_backlash,positioning_accuracy,feed_drive,servo_axis,NEW_CK6150_servo_axis_000212,,,new,available_from_procurement_pool,new_part,A,R6,new_part_pool_for_shortage_and_reliability_backup,A,0.9087,0.99,0.01,0.001,0.036526,26394.76,998.934,0.976577,0.031172,0.000848,0.000963,0.000221,0.000424,0.000848,0.000848,0.0,0.013259,-0.013259,0.013259,4,B03,0.003315,0.93602,L4_high_margin,Q4_high,1,1,1,1,1,1,1,1,0.09500194,132007.993,0.200722,1.51786,11349.69,0.77768,0.0,1.99365,0.936018,1.0,1.0,1.0,0.504244,0.995564,0.949447,0.92939,preferred,4,4,high,,,0.93,synthetic_supplier_new_part_standard,case_calibrated_synthetic,https://asmedigitalcollection.asme.org/manufacturingscience/article/140/7/071015/473238/A-Multistage-Approach-to-the-Selective-Assembly-of,"New-part candidate generated to guarantee shortage backup, procurement option and high-reliability assembly alternative.",1,0,1,0
AC00018789,AR_CK6150_04_feed_axis_backlash,CK6150,cnc_lathe,feed_axis_backlash,positioning_accuracy,feed_drive,servo_axis,NEW_CK6150_servo_axis_000213,,,new,available_from_procurement_pool,new_part,A,R6,new_part_pool_for_shortage_and_reliability_backup,A,0.94567,0.99,0.01,0.001,0.036526,20522.994,604.025,0.984093,0.019464,0.000179,0.000128,0.000118,9.2e-05,-0.000179,0.000179,0.0,0.013259,-0.013259,0.013259,4,B02,-0.003315,0.98652,L4_high_margin,Q4_high,1,1,1,1,1,1,1,1,0.00421911,132007.993,0.200722,1.8246,13843.36,0.82369,0.0,1.52914,0.986517,1.0,1.0,1.0,0.39532,0.996029,0.954716,0.932086,preferred,6,4,high,,,0.97,synthetic_supplier_new_part_premium,case_calibrated_synthetic,https://asmedigitalcollection.asme.org/manufacturingscience/article/140/7/071015/473238/A-Multistage-Approach-to-the-Selective-Assembly-of,"New-part candidate generated to guarantee shortage backup, procurement option and high-reliability assembly alternative.",1,0,1,0
AC00018791,AR_CK6150_04_feed_axis_backlash,CK6150,cnc_lathe,feed_axis_backlash,positioning_accuracy,feed_drive,servo_axis,NEW_CK6150_servo_axis_000215,,,new,available_from_procurement_pool,new_part,A,R6,new_part_pool_for_shortage_and_reliability_backup,A,0.94836,0.99,0.01,0.001,0.036526,22255.332,1006.243,0.989839,0.015907,0.000787,0.000786,0.000613,0.000356,-0.000787,0.000787,0.0,0.013259,-0.013259,0.013259,4,B02,-0.003315,0.94066,L4_high_margin,Q4_high,1,1,1,1,1,1,1,1,0.08171274,132007.993,0.200722,1.5239,13807.28,0.77858,0.0,1.99118,0.940662,1.0,1.0,1.0,0.396897,0.995565,0.956316,0.920412,preferred,6,4,high,,,0.97,synthetic_supplier_new_part_premium,case_calibrated_synthetic,https://asmedigitalcollection.asme.org/manufacturingscience/article/140/7/071015/473238/A-Multistage-Approach-to-the-Selective-Assembly-of,"New-part candidate generated to guarantee shortage backup, procurement option and high-reliability assembly alternative.",1,0,1,0
AC00018482,AR_CK6150_05_tailstock_coaxiality,CK6150,cnc_lathe,tailstock_coaxiality,assembly_matching,support_alignment,guideway,NEW_FROM_C001214_guideway_02,C001214,2.0,new_replacement,available_after_planned_route,missing,D,R6,inspection_recommended,A,0.89731,0.989865,0.017424,0.00087,0.052921,23205.283,1220.761,0.967,0.035117,0.0,0.0,0.0,0.0,-0.0001,0.0001,0.0,0.013766,-0.013766,0.013766,4,B02,-0.003442,0.99274,L4_high_margin,Q4_high,1,1,1,1,1,1,1,1,0.00194026,194025.919,0.214404,5.5244,35543.46,9.75937,0.000997,6.37317,0.992736,1.0,1.0,0.995109,0.0,0.517635,0.931276,0.853388,preferred,3,4,high,0.03,1.0,0.848,inspected_core_component,case_calibrated_synthetic,https://asmedigitalcollection.asme.org/manufacturingscience/article/140/7/071015/473238/A-Multistage-Approach-to-the-Selective-Assembly-of,Candidate generated from inspected returned-core component and planned route outcome for selective assembly optimisation.,1,0,1,0
AC00018540,AR_CK6150_05_tailstock_coaxiality,CK6150,cnc_lathe,tailstock_coaxiality,assembly_matching,support_alignment,guideway,NEW_FROM_C001224_guideway_01,C001224,1.0,new_replacement,available_after_planned_route,missing,D,R6,inspection_recommended,A,0.89731,0.989865,0.017424,0.00087,0.052921,22463.24,1477.26,0.967,0.035117,0.0,0.0,0.0,0.0,-0.0001,0.0001,0.0,0.013766,-0.013766,0.013766,4,B02,-0.003442,0.99274,L4_high_margin,Q4_high,1,1,1,1,1,1,1,1,0.00194026,194025.919,0.214404,5.5244,35543.46,9.75937,0.000997,6.37317,0.992736,1.0,1.0,0.995109,0.0,0.517635,0.931276,0.853388,preferred,3,4,high,0.03,1.0,0.876,inspected_core_component,case_calibrated_synthetic,https://asmedigitalcollection.asme.org/manufacturingscience/article/140/7/071015/473238/A-Multistage-Approach-to-the-Selective-Assembly-of,Candidate generated from inspected returned-core component and planned route outcome for selective assembly optimisation.,1,0,1,0
AC00018813,AR_CK6150_05_tailstock_coaxiality,CK6150,cnc_lathe,tailstock_coaxiality,assembly_matching,support_alignment,guideway,NEW_CK6150_guideway_000237,,,new,available_from_procurement_pool,new_part,A,R6,new_part_pool_for_shortage_and_reliability_backup,A,0.93733,0.99,0.01,0.001,0.036608,23375.375,1146.367,0.992496,0.011624,0.000636,0.000673,0.000248,0.000307,0.000636,0.000636,0.0,0.013766,-0.013766,0.013766,4,B03,0.003442,0.95377,L4_high_margin,Q4_high,1,1,1,1,1,1,1,1,0.07858238,194025.919,0.214404,1.73916,21710.66,0.81087,0.0,2.56583,0.95377,1.0,1.0,1.0,0.360586,0.994766,0.958161,0.920273,preferred,6,4,high,,,0.97,synthetic_supplier_new_part_premium,case_calibrated_synthetic,https://asmedigitalcollection.asme.org/manufacturingscience/article/140/7/071015/473238/A-Multistage-Approach-to-the-Selective-Assembly-of,"New-part candidate generated to guarantee shortage backup, procurement option and high-reliability assembly alternative.",1,0,1,0
AC00000748,AR_CK6150_05_tailstock_coaxiality,CK6150,cnc_lathe,tailstock_coaxiality,assembly_matching,support_alignment,spindle,NEW_FROM_C000049_spindle_01,C000049,1.0,new_replacement,available_after_planned_route,missing,D,R6,inspection_recommended,A,0.89728,0.989864,0.017425,0.000888,0.054565,24262.707,1120.108,0.966,0.036183,0.0,0.0,0.0,0.0,0.0001,0.0001,0.0,0.013766,-0.013766,0.013766,4,B03,0.003442,0.99274,L4_high_margin,Q4_high,1,1,1,1,1,1,1,1,0.00194026,194025.919,0.214404,5.6082,55382.25,9.26254,0.001001,6.08215,0.992736,1.0,1.0,0.995055,0.0,0.519241,0.929153,0.85334,preferred,3,4,high,0.03,1.0,0.9,inspected_core_component,case_calibrated_synthetic,https://asmedigitalcollection.asme.org/manufacturingscience/article/140/7/071015/473238/A-Multistage-Approach-to-the-Selective-Assembly-of,Candidate generated from inspected returned-core component and planned route outcome for selective assembly optimisation.,1,0,1,0
AC00018214,AR_CK6150_05_tailstock_coaxiality,CK6150,cnc_lathe,tailstock_coaxiality,assembly_matching,support_alignment,tailstock,NEW_FROM_C001203_tailstock_01,C001203,1.0,new_replacement,available_after_planned_route,missing,D,R6,inspection_recommended,A,0.8974,0.989668,0.017322,0.000794,0.046039,20608.979,1401.992,0.9734,0.028442,0.0,0.0,0.0,0.0,0.0001,0.0001,0.0,0.013766,-0.013766,0.013766,4,B03,0.003442,0.99274,L4_high_margin,Q4_high,1,1,1,1,1,1,1,1,0.00194026,194025.919,0.214404,4.2483,10356.89,7.11751,0.000804,4.69504,0.992736,1.0,1.0,0.995273,0.694973,0.526337,0.941162,0.924394,preferred,3,4,high,0.03,1.0,0.774,inspected_core_component,case_calibrated_synthetic,https://asmedigitalcollection.asme.org/manufacturingscience/article/140/7/071015/473238/A-Multistage-Approach-to-the-Selective-Assembly-of,Candidate generated from inspected returned-core component and planned route outcome for selective assembly optimisation.,1,0,1,0
AC00018803,AR_CK6150_05_tailstock_coaxiality,CK6150,cnc_lathe,tailstock_coaxiality,assembly_matching,support_alignment,tailstock,NEW_CK6150_tailstock_000227,,,new,available_from_procurement_pool,new_part,A,R6,new_part_pool_for_shortage_and_reliability_backup,A,0.84359,0.975,0.03,0.005,0.071608,23384.143,631.633,0.95774,0.046612,0.00018,0.000204,0.0001,9.8e-05,-0.00018,0.00018,0.0,0.013766,-0.013766,0.013766,4,B02,-0.003442,0.98696,L4_high_margin,Q3_good,1,1,1,1,1,1,1,1,0.00625322,194025.919,0.214404,1.69736,6384.54,0.8046,0.0,1.03585,0.986959,1.0,1.0,0.897433,0.811965,0.996694,0.907416,0.956801,preferred,4,4,high,,,0.88,synthetic_supplier_new_part_economy,case_calibrated_synthetic,https://asmedigitalcollection.asme.org/manufacturingscience/article/140/7/071015/473238/A-Multistage-Approach-to-the-Selective-Assembly-of,"New-part candidate generated to guarantee shortage backup, procurement option and high-reliability assembly alternative.",1,0,1,0
AC00005184,AR_CK6150_06_turret_tool_position_repeatability,CK6150,cnc_lathe,turret_tool_position_repeatability,positioning_accuracy,tooling_system,servo_axis,NEW_FROM_C000333_servo_axis_01,C000333,1.0,new_replacement,available_after_planned_route,missing,D,R6,inspection_recommended,A,0.89732,0.989466,0.017024,0.000857,0.05131,22380.525,1520.965,0.9694,0.032652,0.0,0.0,0.0,0.0,0.0001,0.0001,0.0,0.015264,-0.015264,0.015264,4,B03,0.003816,0.99345,L4_high_margin,Q4_high,1,1,1,1,1,1,1,1,0.00060679,60678.931,0.119995,4.2309,32641.6,5.92293,0.000848,3.99595,0.993449,1.0,1.0,0.995127,0.0,0.530198,0.933996,0.854799,preferred,3,4,medium,0.03,1.0,0.837,inspected_core_component,case_calibrated_synthetic,https://asmedigitalcollection.asme.org/manufacturingscience/article/140/7/071015/473238/A-Multistage-Approach-to-the-Selective-Assembly-of,Candidate generated from inspected returned-core component and planned route outcome for selective assembly optimisation.,1,0,1,0
AC00005330,AR_CK6150_06_turret_tool_position_repeatability,CK6150,cnc_lathe,turret_tool_position_repeatability,positioning_accuracy,tooling_system,servo_axis,NEW_FROM_C000335_servo_axis_02,C000335,2.0,new_replacement,available_after_planned_route,missing,D,R6,inspection_recommended,A,0.89732,0.989466,0.017024,0.000857,0.05131,22998.701,1334.16,0.9694,0.032652,0.0,0.0,0.0,0.0,-0.0001,0.0001,0.0,0.015264,-0.015264,0.015264,4,B02,-0.003816,0.99345,L4_high_margin,Q4_high,1,1,1,1,1,1,1,1,0.00060679,60678.931,0.119995,4.2309,32641.6,5.92293,0.000848,3.99595,0.993449,1.0,1.0,0.995127,0.0,0.530198,0.933996,0.854799,preferred,3,4,medium,0.03,1.0,0.816,inspected_core_component,case_calibrated_synthetic,https://asmedigitalcollection.asme.org/manufacturingscience/article/140/7/071015/473238/A-Multistage-Approach-to-the-Selective-Assembly-of,Candidate generated from inspected returned-core component and planned route outcome for selective assembly optimisation.,1,0,1,0
AC00006533,AR_CK6150_06_turret_tool_position_repeatability,CK6150,cnc_lathe,turret_tool_position_repeatability,positioning_accuracy,tooling_system,servo_axis,NEW_FROM_C000420_servo_axis_02,C000420,2.0,new_replacement,available_after_planned_route,missing,D,R6,inspection_recommended,A,0.89732,0.989466,0.017024,0.000857,0.05131,18925.606,673.58,0.9694,0.032652,0.0,0.0,0.0,0.0,0.0001,0.0001,0.0,0.015264,-0.015264,0.015264,4,B03,0.003816,0.99345,L4_high_margin,Q4_high,1,1,1,1,1,1,1,1,0.00060679,60678.931,0.119995,4.2309,32641.6,5.92293,0.000848,3.99595,0.993449,1.0,1.0,0.995127,0.0,0.530198,0.933996,0.854799,preferred,3,4,medium,0.03,1.0,0.837,inspected_core_component,case_calibrated_synthetic,https://asmedigitalcollection.asme.org/manufacturingscience/article/140/7/071015/473238/A-Multistage-Approach-to-the-Selective-Assembly-of,Candidate generated from inspected returned-core component and planned route outcome for selective assembly optimisation.,1,0,1,0
AC00007074,AR_CK6150_06_turret_tool_position_repeatability,CK6150,cnc_lathe,turret_tool_position_repeatability,positioning_accuracy,tooling_system,servo_axis,NEW_FROM_C000467_servo_axis_02,C000467,2.0,new_replacement,available_after_planned_route,missing,D,R6,inspection_recommended,A,0.89732,0.989466,0.017024,0.000857,0.05131,19679.573,1274.547,0.9694,0.032652,0.0,0.0,0.0,0.0,-0.0001,0.0001,0.0,0.015264,-0.015264,0.015264,4,B02,-0.003816,0.99345,L4_high_margin,Q4_high,1,1,1,1,1,1,1,1,0.00060679,60678.931,0.119995,4.2309,32641.6,5.92293,0.000848,3.99595,0.993449,1.0,1.0,0.995127,0.0,0.530198,0.933996,0.854799,preferred,3,4,medium,0.03,1.0,0.847,inspected_core_component,case_calibrated_synthetic,https://asmedigitalcollection.asme.org/manufacturingscience/article/140/7/071015/473238/A-Multistage-Approach-to-the-Selective-Assembly-of,Candidate generated from inspected returned-core component and planned route outcome for selective assembly optimisation.,1,0,1,0
AC00010763,AR_CK6150_06_turret_tool_position_repeatability,CK6150,cnc_lathe,turret_tool_position_repeatability,positioning_accuracy,tooling_system,servo_axis,NEW_FROM_C000730_servo_axis_01,C000730,1.0,new_replacement,available_after_planned_route,missing,D,R6,inspection_recommended,A,0.89732,0.989466,0.017024,0.000857,0.05131,22049.72,1170.787,0.9694,0.032652,0.0,0.0,0.0,0.0,-0.0001,0.0001,0.0,0.015264,-0.015264,0.015264,4,B02,-0.003816,0.99345,L4_high_margin,Q4_high,1,1,1,1,1,1,1,1,0.00060679,60678.931,0.119995,4.2309,32641.6,5.92293,0.000848,3.99595,0.993449,1.0,1.0,0.995127,0.0,0.530198,0.933996,0.854799,preferred,3,4,medium,0.03,1.0,0.834,inspected_core_component,case_calibrated_synthetic,https://asmedigitalcollection.asme.org/manufacturingscience/article/140/7/071015/473238/A-Multistage-Approach-to-the-Selective-Assembly-of,Candidate generated from inspected returned-core component and planned route outcome for selective assembly optimisation.,1,0,1,0
AC00012516,AR_CK6150_06_turret_tool_position_repeatability,CK6150,cnc_lathe,turret_tool_position_repeatability,positioning_accuracy,tooling_system,servo_axis,NEW_FROM_C000839_servo_axis_02,C000839,2.0,new_replacement,available_after_planned_route,missing,D,R6,inspection_recommended,A,0.89732,0.989466,0.017024,0.000857,0.05131,23141.868,855.943,0.9694,0.032652,0.0,0.0,0.0,0.0,0.0001,0.0001,0.0,0.015264,-0.015264,0.015264,4,B03,0.003816,0.99345,L4_high_margin,Q4_high,1,1,1,1,1,1,1,1,0.00060679,60678.931,0.119995,4.2309,32641.6,5.92293,0.000848,3.99595,0.993449,1.0,1.0,0.995127,0.0,0.530198,0.933996,0.854799,preferred,3,4,medium,0.03,1.0,0.825,inspected_core_component,case_calibrated_synthetic,https://asmedigitalcollection.asme.org/manufacturingscience/article/140/7/071015/473238/A-Multistage-Approach-to-the-Selective-Assembly-of,Candidate generated from inspected returned-core component and planned route outcome for selective assembly optimisation.,1,0,1,0
AC00013088,AR_CK6150_06_turret_tool_position_repeatability,CK6150,cnc_lathe,turret_tool_position_repeatability,positioning_accuracy,tooling_system,servo_axis,NEW_FROM_C000881_servo_axis_01,C000881,1.0,new_replacement,available_after_planned_route,missing,D,R6,inspection_recommended,A,0.89732,0.989466,0.017024,0.000857,0.05131,22579.411,964.665,0.9694,0.032652,0.0,0.0,0.0,0.0,0.0001,0.0001,0.0,0.015264,-0.015264,0.015264,4,B03,0.003816,0.99345,L4_high_margin,Q4_high,1,1,1,1,1,1,1,1,0.00060679,60678.931,0.119995,4.2309,32641.6,5.92293,0.000848,3.99595,0.993449,1.0,1.0,0.995127,0.0,0.530198,0.933996,0.854799,preferred,3,4,medium,0.03,1.0,0.847,inspected_core_component,case_calibrated_synthetic,https://asmedigitalcollection.asme.org/manufacturingscience/article/140/7/071015/473238/A-Multistage-Approach-to-the-Selective-Assembly-of,Candidate generated from inspected returned-core component and planned route outcome for selective assembly optimisation.,1,0,1,0
AC00013496,AR_CK6150_06_turret_tool_position_repeatability,CK6150,cnc_lathe,turret_tool_position_repeatability,positioning_accuracy,tooling_system,servo_axis,NEW_FROM_C000902_servo_axis_01,C000902,1.0,new_replacement,available_after_planned_route,missing,D,R6,inspection_recommended,A,0.89732,0.989466,0.017024,0.000857,0.05131,24524.97,1517.374,0.9694,0.032652,0.0,0.0,0.0,0.0,0.0001,0.0001,0.0,0.015264,-0.015264,0.015264,4,B03,0.003816,0.99345,L4_high_margin,Q4_high,1,1,1,1,1,1,1,1,0.00060679,60678.931,0.119995,4.2309,32641.6,5.92293,0.000848,3.99595,0.993449,1.0,1.0,0.995127,0.0,0.530198,0.933996,0.854799,preferred,3,4,medium,0.03,1.0,0.847,inspected_core_component,case_calibrated_synthetic,https://asmedigitalcollection.asme.org/manufacturingscience/article/140/7/071015/473238/A-Multistage-Approach-to-the-Selective-Assembly-of,Candidate generated from inspected returned-core component and planned route outcome for selective assembly optimisation.,1,0,1,0
AC00013889,AR_CK6150_06_turret_tool_position_repeatability,CK6150,cnc_lathe,turret_tool_position_repeatability,positioning_accuracy,tooling_system,servo_axis,NEW_FROM_C000931_servo_axis_01,C000931,1.0,new_replacement,available_after_planned_route,missing,D,R6,inspection_recommended,A,0.89732,0.989466,0.017024,0.000857,0.05131,18967.509,1050.13,0.9694,0.032652,0.0,0.0,0.0,0.0,0.0001,0.0001,0.0,0.015264,-0.015264,0.015264,4,B03,0.003816,0.99345,L4_high_margin,Q4_high,1,1,1,1,1,1,1,1,0.00060679,60678.931,0.119995,4.2309,32641.6,5.92293,0.000848,3.99595,0.993449,1.0,1.0,0.995127,0.0,0.530198,0.933996,0.854799,preferred,3,4,medium,0.03,1.0,0.858,inspected_core_component,case_calibrated_synthetic,https://asmedigitalcollection.asme.org/manufacturingscience/article/140/7/071015/473238/A-Multistage-Approach-to-the-Selective-Assembly-of,Candidate generated from inspected returned-core component and planned route outcome for selective assembly optimisation.,1,0,1,0
AC00016436,AR_CK6150_06_turret_tool_position_repeatability,CK6150,cnc_lathe,turret_tool_position_repeatability,positioning_accuracy,tooling_system,servo_axis,NEW_FROM_C001095_servo_axis_01,C001095,1.0,new_replacement,available_after_planned_route,missing,D,R6,inspection_recommended,A,0.89732,0.989466,0.017024,0.000857,0.05131,20905.419,1108.993,0.9694,0.032652,0.0,0.0,0.0,0.0,0.0001,0.0001,0.0,0.015264,-0.015264,0.015264,4,B03,0.003816,0.99345,L4_high_margin,Q4_high,1,1,1,1,1,1,1,1,0.00060679,60678.931,0.119995,4.2309,32641.6,5.92293,0.000848,3.99595,0.993449,1.0,1.0,0.995127,0.0,0.530198,0.933996,0.854799,preferred,3,4,medium,0.03,1.0,0.864,inspected_core_component,case_calibrated_synthetic,https://asmedigitalcollection.asme.org/manufacturingscience/article/140/7/071015/473238/A-Multistage-Approach-to-the-Selective-Assembly-of,Candidate generated from inspected returned-core component and planned route outcome for selective assembly optimisation.,1,0,1,0
AC00018208,AR_CK6150_06_turret_tool_position_repeatability,CK6150,cnc_lathe,turret_tool_position_repeatability,positioning_accuracy,tooling_system,servo_axis,NEW_FROM_C001203_servo_axis_01,C001203,1.0,new_replacement,available_after_planned_route,missing,D,R6,inspection_recommended,A,0.89732,0.989466,0.017024,0.000857,0.05131,21747.26,784.52,0.9694,0.032652,0.0,0.0,0.0,0.0,-0.0001,0.0001,0.0,0.015264,-0.015264,0.015264,4,B02,-0.003816,0.99345,L4_high_margin,Q4_high,1,1,1,1,1,1,1,1,0.00060679,60678.931,0.119995,4.2309,32641.6,5.92293,0.000848,3.99595,0.993449,1.0,1.0,0.995127,0.0,0.530198,0.933996,0.854799,preferred,3,4,medium,0.03,1.0,0.854,inspected_core_component,case_calibrated_synthetic,https://asmedigitalcollection.asme.org/manufacturingscience/article/140/7/071015/473238/A-Multistage-Approach-to-the-Selective-Assembly-of,Candidate generated from inspected returned-core component and planned route outcome for selective assembly optimisation.,1,0,1,0
AC00018825,AR_CK6150_06_turret_tool_position_repeatability,CK6150,cnc_lathe,turret_tool_position_repeatability,positioning_accuracy,tooling_system,servo_axis,NEW_CK6150_servo_axis_000249,,,new,available_from_procurement_pool,new_part,A,R6,new_part_pool_for_shortage_and_reliability_backup,A,0.93591,0.99,0.01,0.001,0.036111,24452.577,681.631,0.990483,0.015032,0.000209,0.000258,7.8e-05,4.6e-05,0.000209,0.000209,0.0,0.015264,-0.015264,0.015264,4,B03,0.003816,0.98633,L4_high_margin,Q4_high,1,1,1,1,1,1,1,1,0.00264184,60678.931,0.119995,1.55381,13810.87,0.78307,0.0,2.64797,0.98633,1.0,1.0,1.0,0.407947,0.994732,0.957125,0.933389,preferred,6,4,medium,,,0.97,synthetic_supplier_new_part_premium,case_calibrated_synthetic,https://asmedigitalcollection.asme.org/manufacturingscience/article/140/7/071015/473238/A-Multistage-Approach-to-the-Selective-Assembly-of,"New-part candidate generated to guarantee shortage backup, procurement option and high-reliability assembly alternative.",1,0,1,0
AC00000750,AR_CK6150_06_turret_tool_position_repeatability,CK6150,cnc_lathe,turret_tool_position_repeatability,positioning_accuracy,tooling_system,turret,NEW_FROM_C000049_turret_01,C000049,1.0,new_replacement,available_after_planned_route,missing,D,R6,inspection_recommended,A,0.89733,0.989266,0.017224,0.000848,0.05037,24236.342,1488.224,0.9698,0.032215,0.0,0.0,0.0,0.0,-0.0001,0.0001,0.0,0.015264,-0.015264,0.015264,4,B02,-0.003816,0.99345,L4_high_margin,Q4_high,1,1,1,1,1,1,1,1,0.00060679,60678.931,0.119995,4.7477,23086.02,7.79901,0.000886,5.14932,0.993449,1.0,1.0,0.995145,0.010334,0.524066,0.935133,0.855435,preferred,3,4,medium,0.03,1.0,0.78,inspected_core_component,case_calibrated_synthetic,https://asmedigitalcollection.asme.org/manufacturingscience/article/140/7/071015/473238/A-Multistage-Approach-to-the-Selective-Assembly-of,Candidate generated from inspected returned-core component and planned route outcome for selective assembly optimisation.,1,0,1,0
AC00010770,AR_CK6150_06_turret_tool_position_repeatability,CK6150,cnc_lathe,turret_tool_position_repeatability,positioning_accuracy,tooling_system,turret,NEW_FROM_C000730_turret_01,C000730,1.0,new_replacement,available_after_planned_route,missing,D,R6,inspection_recommended,A,0.89733,0.989266,0.017224,0.000848,0.05037,19357.711,752.9,0.9698,0.032215,0.0,0.0,0.0,0.0,0.0001,0.0001,0.0,0.015264,-0.015264,0.015264,4,B03,0.003816,0.99345,L4_high_margin,Q4_high,1,1,1,1,1,1,1,1,0.00060679,60678.931,0.119995,4.7477,23086.02,7.79901,0.000886,5.14932,0.993449,1.0,1.0,0.995145,0.010334,0.524066,0.935133,0.855435,preferred,3,4,medium,0.03,1.0,0.794,inspected_core_component,case_calibrated_synthetic,https://asmedigitalcollection.asme.org/manufacturingscience/article/140/7/071015/473238/A-Multistage-Approach-to-the-Selective-Assembly-of,Candidate generated from inspected returned-core component and planned route outcome for selective assembly optimisation.,1,0,1,0
AC00012521,AR_CK6150_06_turret_tool_position_repeatability,CK6150,cnc_lathe,turret_tool_position_repeatability,positioning_accuracy,tooling_system,turret,NEW_FROM_C000839_turret_01,C000839,1.0,new_replacement,available_after_planned_route,missing,D,R6,inspection_recommended,A,0.89733,0.989266,0.017224,0.000848,0.05037,19771.826,1265.261,0.9698,0.032215,0.0,0.0,0.0,0.0,0.0001,0.0001,0.0,0.015264,-0.015264,0.015264,4,B03,0.003816,0.99345,L4_high_margin,Q4_high,1,1,1,1,1,1,1,1,0.00060679,60678.931,0.119995,4.7477,23086.02,7.79901,0.000886,5.14932,0.993449,1.0,1.0,0.995145,0.010334,0.524066,0.935133,0.855435,preferred,3,4,medium,0.03,1.0,0.785,inspected_core_component,case_calibrated_synthetic,https://asmedigitalcollection.asme.org/manufacturingscience/article/140/7/071015/473238/A-Multistage-Approach-to-the-Selective-Assembly-of,Candidate generated from inspected returned-core component and planned route outcome for selective assembly optimisation.,1,0,1,0
AC00013503,AR_CK6150_06_turret_tool_position_repeatability,CK6150,cnc_lathe,turret_tool_position_repeatability,positioning_accuracy,tooling_system,turret,NEW_FROM_C000902_turret_01,C000902,1.0,new_replacement,available_after_planned_route,missing,D,R6,inspection_recommended,A,0.89733,0.989266,0.017224,0.000848,0.05037,22850.774,978.839,0.9698,0.032215,0.0,0.0,0.0,0.0,-0.0001,0.0001,0.0,0.015264,-0.015264,0.015264,4,B02,-0.003816,0.99345,L4_high_margin,Q4_high,1,1,1,1,1,1,1,1,0.00060679,60678.931,0.119995,4.7477,23086.02,7.79901,0.000886,5.14932,0.993449,1.0,1.0,0.995145,0.010334,0.524066,0.935133,0.855435,preferred,3,4,medium,0.03,1.0,0.807,inspected_core_component,case_calibrated_synthetic,https://asmedigitalcollection.asme.org/manufacturingscience/article/140/7/071015/473238/A-Multistage-Approach-to-the-Selective-Assembly-of,Candidate generated from inspected returned-core component and planned route outcome for selective assembly optimisation.,1,0,1,0
AC00014423,AR_CK6150_06_turret_tool_position_repeatability,CK6150,cnc_lathe,turret_tool_position_repeatability,positioning_accuracy,tooling_system,turret,NEW_FROM_C000942_turret_01,C000942,1.0,new_replacement,available_after_planned_route,missing,D,R6,inspection_recommended,A,0.89733,0.989266,0.017224,0.000848,0.05037,21273.305,1273.566,0.9698,0.032215,0.0,0.0,0.0,0.0,-0.0001,0.0001,0.0,0.015264,-0.015264,0.015264,4,B02,-0.003816,0.99345,L4_high_margin,Q4_high,1,1,1,1,1,1,1,1,0.00060679,60678.931,0.119995,4.7477,23086.02,7.79901,0.000886,5.14932,0.993449,1.0,1.0,0.995145,0.010334,0.524066,0.935133,0.855435,preferred,3,4,medium,0.03,1.0,0.814,inspected_core_component,case_calibrated_synthetic,https://asmedigitalcollection.asme.org/manufacturingscience/article/140/7/071015/473238/A-Multistage-Approach-to-the-Selective-Assembly-of,Candidate generated from inspected returned-core component and planned route outcome for selective assembly optimisation.,1,0,1,0
AC00014812,AR_CK6150_06_turret_tool_position_repeatability,CK6150,cnc_lathe,turret_tool_position_repeatability,positioning_accuracy,tooling_system,turret,NEW_FROM_C000982_turret_01,C000982,1.0,new_replacement,available_after_planned_route,missing,D,R6,inspection_recommended,A,0.89733,0.989266,0.017224,0.000848,0.05037,19815.182,780.974,0.9698,0.032215,0.0,0.0,0.0,0.0,-0.0001,0.0001,0.0,0.015264,-0.015264,0.015264,4,B02,-0.003816,0.99345,L4_high_margin,Q4_high,1,1,1,1,1,1,1,1,0.00060679,60678.931,0.119995,4.7477,23086.02,7.79901,0.000886,5.14932,0.993449,1.0,1.0,0.995145,0.010334,0.524066,0.935133,0.855435,preferred,3,4,medium,0.03,1.0,0.759,inspected_core_component,case_calibrated_synthetic,https://asmedigitalcollection.asme.org/manufacturingscience/article/140/7/071015/473238/A-Multistage-Approach-to-the-Selective-Assembly-of,Candidate generated from inspected returned-core component and planned route outcome for selective assembly optimisation.,1,0,1,0
AC00015384,AR_CK6150_06_turret_tool_position_repeatability,CK6150,cnc_lathe,turret_tool_position_repeatability,positioning_accuracy,tooling_system,turret,NEW_FROM_C001027_turret_01,C001027,1.0,new_replacement,available_after_planned_route,missing,D,R6,inspection_recommended,A,0.89733,0.989266,0.017224,0.000848,0.05037,19124.343,1039.917,0.9698,0.032215,0.0,0.0,0.0,0.0,0.0001,0.0001,0.0,0.015264,-0.015264,0.015264,4,B03,0.003816,0.99345,L4_high_margin,Q4_high,1,1,1,1,1,1,1,1,0.00060679,60678.931,0.119995,4.7477,23086.02,7.79901,0.000886,5.14932,0.993449,1.0,1.0,0.995145,0.010334,0.524066,0.935133,0.855435,preferred,3,4,medium,0.03,1.0,0.802,inspected_core_component,case_calibrated_synthetic,https://asmedigitalcollection.asme.org/manufacturingscience/article/140/7/071015/473238/A-Multistage-Approach-to-the-Selective-Assembly-of,Candidate generated from inspected returned-core component and planned route outcome for selective assembly optimisation.,1,0,1,0
AC00015961,AR_CK6150_06_turret_tool_position_repeatability,CK6150,cnc_lathe,turret_tool_position_repeatability,positioning_accuracy,tooling_system,turret,NEW_FROM_C001058_turret_01,C001058,1.0,new_replacement,available_after_planned_route,missing,D,R6,inspection_recommended,A,0.89733,0.989266,0.017224,0.000848,0.05037,20703.128,865.528,0.9698,0.032215,0.0,0.0,0.0,0.0,0.0001,0.0001,0.0,0.015264,-0.015264,0.015264,4,B03,0.003816,0.99345,L4_high_margin,Q4_high,1,1,1,1,1,1,1,1,0.00060679,60678.931,0.119995,4.7477,23086.02,7.79901,0.000886,5.14932,0.993449,1.0,1.0,0.995145,0.010334,0.524066,0.935133,0.855435,preferred,3,4,medium,0.03,1.0,0.757,inspected_core_component,case_calibrated_synthetic,https://asmedigitalcollection.asme.org/manufacturingscience/article/140/7/071015/473238/A-Multistage-Approach-to-the-Selective-Assembly-of,Candidate generated from inspected returned-core component and planned route outcome for selective assembly optimisation.,1,0,1,0
AC00016443,AR_CK6150_06_turret_tool_position_repeatability,CK6150,cnc_lathe,turret_tool_position_repeatability,positioning_accuracy,tooling_system,turret,NEW_FROM_C001095_turret_01,C001095,1.0,new_replacement,available_after_planned_route,missing,D,R6,inspection_recommended,A,0.89733,0.989266,0.017224,0.000848,0.05037,20741.654,783.174,0.9698,0.032215,0.0,0.0,0.0,0.0,-0.0001,0.0001,0.0,0.015264,-0.015264,0.015264,4,B02,-0.003816,0.99345,L4_high_margin,Q4_high,1,1,1,1,1,1,1,1,0.00060679,60678.931,0.119995,4.7477,23086.02,7.79901,0.000886,5.14932,0.993449,1.0,1.0,0.995145,0.010334,0.524066,0.935133,0.855435,preferred,3,4,medium,0.03,1.0,0.824,inspected_core_component,case_calibrated_synthetic,https://asmedigitalcollection.asme.org/manufacturingscience/article/140/7/071015/473238/A-Multistage-Approach-to-the-Selective-Assembly-of,Candidate generated from inspected returned-core component and planned route outcome for selective assembly optimisation.,1,0,1,0
AC00018817,AR_CK6150_06_turret_tool_position_repeatability,CK6150,cnc_lathe,turret_tool_position_repeatability,positioning_accuracy,tooling_system,turret,NEW_CK6150_turret_000241,,,new,available_from_procurement_pool,new_part,A,R6,new_part_pool_for_shortage_and_reliability_backup,A,0.87094,0.99,0.01,0.001,0.036111,22826.105,796.273,0.968903,0.033716,0.000234,0.000215,0.000169,0.000128,0.000234,0.000234,0.0,0.015264,-0.015264,0.015264,4,B03,0.003816,0.98469,L4_high_margin,Q4_high,1,1,1,1,1,1,1,1,0.00331494,60678.931,0.119995,1.50915,17288.81,0.77637,0.0,3.65061,0.984687,1.0,1.0,0.947155,0.258853,0.993496,0.948717,0.910411,preferred,4,4,medium,,,0.93,synthetic_supplier_new_part_standard,case_calibrated_synthetic,https://asmedigitalcollection.asme.org/manufacturingscience/article/140/7/071015/473238/A-Multistage-Approach-to-the-Selective-Assembly-of,"New-part candidate generated to guarantee shortage backup, procurement option and high-reliability assembly alternative.",1,0,1,0
