compatibility_id,assembly_requirement_id,machine_type_id,machine_family,assembly_feature,feature_category,subsystem,component_type_i,component_type_j,candidate_i_id,candidate_j_id,component_instance_i_id,component_instance_j_id,source_type_i,source_type_j,source_pair_type,route_i_id,route_j_id,route_pair_type,quality_state_i_after,quality_state_j_after,quality_score_i_after,quality_score_j_after,matching_bin_i,matching_bin_j,bin_pair_type,bin_compatibility_score,dimension_contribution_i_mm,dimension_contribution_j_mm,pair_dimension_chain_sum_mm,target_value_mm,pair_dimension_error_mm,max_dimension_chain_error_mm,pair_quality_loss,max_quality_loss,dimension_score,quality_loss_score,life_i_h,life_j_h,min_pair_life_h,pairwise_life_gap_h,max_pairwise_life_gap_h,life_balance_score,reliability_i,reliability_j,feature_pair_reliability,min_system_reliability,reliability_score,quality_score_gap,max_pairwise_quality_score_gap,quality_gap_score,reuse_ratio_pair,min_reused_component_ratio_for_feature,source_mix_score,pair_failure_probability,pair_cvar_tail_risk_index,risk_score,combined_processing_time_h,combined_processing_cost_rmb,combined_energy_kwh,combined_water_m3,combined_carbon_kg,cost_score,environmental_score,candidate_i_score,candidate_j_score,candidate_i_eligibility_flag,candidate_j_eligibility_flag,dimension_constraint_flag,dimension_soft_constraint_flag,life_gap_constraint_flag,reliability_constraint_flag,quality_gap_constraint_flag,source_mix_constraint_flag,risk_constraint_flag,individual_candidate_screening_flag,compatibility_flag,compatibility_status,compatibility_score,matching_rule,compensation_strategy,priority_weight,scenario_sensitivity,cvar_risk_weight,technical_reason,data_type,source_url,notes,soft_pair_flag,candidate_i_component_type,candidate_j_component_type,touches_primary_component_flag,pair_count_divisor
CMP000001569,AR_CK6150_01_spindle_radial_runout,CK6150,cnc_lathe,spindle_radial_runout,rotation_accuracy,spindle_system,chuck,spindle,AC00018780,AC00000747,NEW_CK6150_chuck_000204,NEW_FROM_C000049_spindle_01,new,new_replacement,new-new_replacement,R6,R6,R6-R6,A,A,0.87232,0.89728,B03,B03,mixed_bin_rule,0.738453,-3.9e-05,-0.0001,-0.000139,0.0,-0.000139,0.008208,0.0038507591,0.098213,0.983065,0.960792,23866.034,24262.707,23866.034,396.673,2089.1,0.895567,0.970888,0.966,0.95812579,0.9342,1.0,0.02496,0.114,0.781053,0.215,0.56,0.121464,0.06697021,0.06239605,0.935431,7.60087,64655.59,10.11144,0.001001,7.66594,0.640802,0.833951,0.953537,0.852061,1,1,1,1,1,1,1,1,1,1,1,hard_feasible,0.859644,minimize absolute runout and chuck-spindle eccentricity,match low-runout spindle with higher-precision chuck,5,high,0.78277,"pair satisfies dimension-chain, life-gap, reliability, source and risk constraints",case_calibrated_synthetic,https://asmedigitalcollection.asme.org/manufacturingscience/article/140/7/071015/473238/A-Multistage-Approach-to-the-Selective-Assembly-of,"Pairwise compatibility record generated from assembly candidates using dimension-chain, binning, life, reliability, risk, cost and green metrics.",0,chuck,spindle,1,1
CMP000001573,AR_CK6150_01_spindle_radial_runout,CK6150,cnc_lathe,spindle_radial_runout,rotation_accuracy,spindle_system,chuck,spindle,AC00017962,AC00018768,NEW_FROM_C001180_chuck_01,NEW_CK6150_spindle_000192,new_replacement,new,new_replacement-new,R6,R6,R6-R6,A,A,0.89736,0.93204,B03,B03,mixed_bin_rule,0.948582,-0.0001,0.000161,6.1e-05,0.0,6.1e-05,0.008208,0.0007416114,0.098213,0.992568,0.992449,19487.864,21322.361,19487.864,1834.497,2089.1,0.51703,0.971,0.991435,0.96867135,0.9342,1.0,0.03468,0.114,0.695789,0.215,0.56,0.121464,0.04157579,0.05324145,0.944904,5.89098,42446.79,6.91334,0.000799,9.16154,0.764185,0.839851,0.904719,0.890893,1,1,1,1,1,1,1,1,1,1,1,hard_feasible,0.845121,minimize absolute runout and chuck-spindle eccentricity,match low-runout spindle with higher-precision chuck,5,high,0.78277,"pair satisfies dimension-chain, life-gap, reliability, source and risk constraints",case_calibrated_synthetic,https://asmedigitalcollection.asme.org/manufacturingscience/article/140/7/071015/473238/A-Multistage-Approach-to-the-Selective-Assembly-of,"Pairwise compatibility record generated from assembly candidates using dimension-chain, binning, life, reliability, risk, cost and green metrics.",0,chuck,spindle,1,1
CMP000001575,AR_CK6150_01_spindle_radial_runout,CK6150,cnc_lathe,spindle_radial_runout,rotation_accuracy,spindle_system,chuck,spindle,AC00018776,AC00018769,NEW_CK6150_chuck_000200,NEW_CK6150_spindle_000193,new,new,new-new,R6,R6,R6-R6,A,A,0.9575,0.89368,B03,B03,mixed_bin_rule,0.980734,0.000385,-0.000323,6.2e-05,0.0,6.2e-05,0.008208,0.0007661259,0.098213,0.992446,0.992199,26124.003,24507.347,24507.347,1616.656,2089.1,0.574381,0.986189,0.969925,0.96617422,0.9342,1.0,0.06382,0.114,0.440175,0.18,0.56,0.099,0.05488441,0.0504631,0.947779,3.96975,35277.57,1.69546,0.0,7.17331,0.804013,0.988906,0.942213,0.894607,1,1,1,1,1,1,1,1,1,1,1,hard_feasible,0.838208,minimize absolute runout and chuck-spindle eccentricity,match low-runout spindle with higher-precision chuck,5,high,0.78277,"pair satisfies dimension-chain, life-gap, reliability, source and risk constraints",case_calibrated_synthetic,https://asmedigitalcollection.asme.org/manufacturingscience/article/140/7/071015/473238/A-Multistage-Approach-to-the-Selective-Assembly-of,"Pairwise compatibility record generated from assembly candidates using dimension-chain, binning, life, reliability, risk, cost and green metrics.",0,chuck,spindle,1,1
CMP000001576,AR_CK6150_01_spindle_radial_runout,CK6150,cnc_lathe,spindle_radial_runout,rotation_accuracy,spindle_system,chuck,spindle,AC00016426,AC00018769,NEW_FROM_C001095_chuck_01,NEW_CK6150_spindle_000193,new_replacement,new,new_replacement-new,R6,R6,R6-R6,A,A,0.89736,0.89368,B03,B03,mixed_bin_rule,0.884019,0.0001,-0.000323,-0.000223,0.0,-0.000223,0.008208,0.0099112053,0.098213,0.972831,0.899085,22574.917,24507.347,22574.917,1932.43,2089.1,0.491247,0.971,0.969925,0.96204921,0.9342,1.0,0.00368,0.114,0.967719,0.215,0.56,0.121464,0.06699086,0.05959521,0.938329,5.9621,37223.85,6.92401,0.000799,9.51671,0.793201,0.839471,0.904719,0.894607,1,1,1,1,1,1,1,1,1,1,1,hard_feasible,0.835825,minimize absolute runout and chuck-spindle eccentricity,match low-runout spindle with higher-precision chuck,5,high,0.78277,"pair satisfies dimension-chain, life-gap, reliability, source and risk constraints",case_calibrated_synthetic,https://asmedigitalcollection.asme.org/manufacturingscience/article/140/7/071015/473238/A-Multistage-Approach-to-the-Selective-Assembly-of,"Pairwise compatibility record generated from assembly candidates using dimension-chain, binning, life, reliability, risk, cost and green metrics.",0,chuck,spindle,1,1
CMP000001577,AR_CK6150_01_spindle_radial_runout,CK6150,cnc_lathe,spindle_radial_runout,rotation_accuracy,spindle_system,chuck,spindle,AC00015097,AC00018769,NEW_FROM_C001022_chuck_01,NEW_CK6150_spindle_000193,new_replacement,new,new_replacement-new,R6,R6,R6-R6,A,A,0.89736,0.89368,B03,B03,mixed_bin_rule,0.884019,0.0001,-0.000323,-0.000223,0.0,-0.000223,0.008208,0.0099112053,0.098213,0.972831,0.899085,22496.939,24507.347,22496.939,2010.408,2089.1,0.470717,0.971,0.969925,0.96204921,0.9342,1.0,0.00368,0.114,0.967719,0.215,0.56,0.121464,0.06699086,0.05959521,0.938329,5.9621,37223.85,6.92401,0.000799,9.51671,0.793201,0.839471,0.904719,0.894607,1,1,1,1,1,1,1,1,1,1,1,hard_feasible,0.833362,minimize absolute runout and chuck-spindle eccentricity,match low-runout spindle with higher-precision chuck,5,high,0.78277,"pair satisfies dimension-chain, life-gap, reliability, source and risk constraints",case_calibrated_synthetic,https://asmedigitalcollection.asme.org/manufacturingscience/article/140/7/071015/473238/A-Multistage-Approach-to-the-Selective-Assembly-of,"Pairwise compatibility record generated from assembly candidates using dimension-chain, binning, life, reliability, risk, cost and green metrics.",0,chuck,spindle,1,1
CMP000001579,AR_CK6150_01_spindle_radial_runout,CK6150,cnc_lathe,spindle_radial_runout,rotation_accuracy,spindle_system,chuck,spindle,AC00018777,AC00018771,NEW_CK6150_chuck_000201,NEW_CK6150_spindle_000195,new,new,new-new,R6,R6,R6-R6,A,A,0.95696,0.84966,B03,B03,mixed_bin_rule,0.996484,-0.000585,0.000604,1.9e-05,0.0,1.9e-05,0.008208,7.19489e-05,0.098213,0.997685,0.999267,20597.424,21430.316,20597.424,832.892,2089.1,0.780723,0.990092,0.949304,0.9466704,0.9342,0.924704,0.1073,0.114,0.058772,0.18,0.56,0.099,0.06649147,0.07086487,0.926667,3.90686,31940.89,1.68603,0.0,5.52961,0.822551,0.990571,0.936013,0.874031,1,1,1,1,1,1,1,1,1,1,1,hard_feasible,0.827469,minimize absolute runout and chuck-spindle eccentricity,match low-runout spindle with higher-precision chuck,5,high,0.78277,"pair satisfies dimension-chain, life-gap, reliability, source and risk constraints",case_calibrated_synthetic,https://asmedigitalcollection.asme.org/manufacturingscience/article/140/7/071015/473238/A-Multistage-Approach-to-the-Selective-Assembly-of,"Pairwise compatibility record generated from assembly candidates using dimension-chain, binning, life, reliability, risk, cost and green metrics.",0,chuck,spindle,1,1
CMP000001580,AR_CK6150_01_spindle_radial_runout,CK6150,cnc_lathe,spindle_radial_runout,rotation_accuracy,spindle_system,chuck,spindle,AC00015097,AC00018768,NEW_FROM_C001022_chuck_01,NEW_CK6150_spindle_000192,new_replacement,new,new_replacement-new,R6,R6,R6-R6,A,A,0.89736,0.93204,B03,B03,mixed_bin_rule,0.783582,0.0001,0.000161,0.000261,0.0,0.000261,0.008208,0.0135768106,0.098213,0.968202,0.861762,22496.939,21322.361,21322.361,1174.578,2089.1,0.690767,0.971,0.991435,0.96867135,0.9342,1.0,0.03468,0.114,0.695789,0.215,0.56,0.121464,0.04157579,0.05324145,0.944904,5.89098,42446.79,6.91334,0.000799,9.16154,0.764185,0.839851,0.904719,0.890893,1,1,1,1,1,1,1,1,1,1,1,hard_feasible,0.817518,minimize absolute runout and chuck-spindle eccentricity,match low-runout spindle with higher-precision chuck,5,high,0.78277,"pair satisfies dimension-chain, life-gap, reliability, source and risk constraints",case_calibrated_synthetic,https://asmedigitalcollection.asme.org/manufacturingscience/article/140/7/071015/473238/A-Multistage-Approach-to-the-Selective-Assembly-of,"Pairwise compatibility record generated from assembly candidates using dimension-chain, binning, life, reliability, risk, cost and green metrics.",0,chuck,spindle,1,1
CMP000001581,AR_CK6150_01_spindle_radial_runout,CK6150,cnc_lathe,spindle_radial_runout,rotation_accuracy,spindle_system,chuck,spindle,AC00016426,AC00018768,NEW_FROM_C001095_chuck_01,NEW_CK6150_spindle_000192,new_replacement,new,new_replacement-new,R6,R6,R6-R6,A,A,0.89736,0.93204,B03,B03,mixed_bin_rule,0.783582,0.0001,0.000161,0.000261,0.0,0.000261,0.008208,0.0135768106,0.098213,0.968202,0.861762,22574.917,21322.361,21322.361,1252.556,2089.1,0.670238,0.971,0.991435,0.96867135,0.9342,1.0,0.03468,0.114,0.695789,0.215,0.56,0.121464,0.04157579,0.05324145,0.944904,5.89098,42446.79,6.91334,0.000799,9.16154,0.764185,0.839851,0.904719,0.890893,1,1,1,1,1,1,1,1,1,1,1,hard_feasible,0.815054,minimize absolute runout and chuck-spindle eccentricity,match low-runout spindle with higher-precision chuck,5,high,0.78277,"pair satisfies dimension-chain, life-gap, reliability, source and risk constraints",case_calibrated_synthetic,https://asmedigitalcollection.asme.org/manufacturingscience/article/140/7/071015/473238/A-Multistage-Approach-to-the-Selective-Assembly-of,"Pairwise compatibility record generated from assembly candidates using dimension-chain, binning, life, reliability, risk, cost and green metrics.",0,chuck,spindle,1,1
CMP000001582,AR_CK6150_01_spindle_radial_runout,CK6150,cnc_lathe,spindle_radial_runout,rotation_accuracy,spindle_system,chuck,spindle,AC00018777,AC00018768,NEW_CK6150_chuck_000201,NEW_CK6150_spindle_000192,new,new,new-new,R6,R6,R6-R6,A,A,0.95696,0.93204,B03,B03,mixed_bin_rule,0.87496,-0.000585,0.000161,-0.000424,0.0,-0.000424,0.008208,0.0358301361,0.098213,0.948343,0.635179,20597.424,21322.361,20597.424,724.937,2089.1,0.809145,0.990092,0.991435,0.98771756,0.9342,1.0,0.02492,0.114,0.781404,0.18,0.56,0.099,0.02518537,0.04303834,0.955463,3.89498,40500.07,1.68425,0.0,6.80897,0.775,0.989296,0.936013,0.890893,1,1,1,1,1,1,1,1,1,1,1,hard_feasible,0.811513,minimize absolute runout and chuck-spindle eccentricity,match low-runout spindle with higher-precision chuck,5,high,0.78277,"pair satisfies dimension-chain, life-gap, reliability, source and risk constraints",case_calibrated_synthetic,https://asmedigitalcollection.asme.org/manufacturingscience/article/140/7/071015/473238/A-Multistage-Approach-to-the-Selective-Assembly-of,"Pairwise compatibility record generated from assembly candidates using dimension-chain, binning, life, reliability, risk, cost and green metrics.",0,chuck,spindle,1,1
CMP000001583,AR_CK6150_01_spindle_radial_runout,CK6150,cnc_lathe,spindle_radial_runout,rotation_accuracy,spindle_system,chuck,spindle,AC00018780,AC00018769,NEW_CK6150_chuck_000204,NEW_CK6150_spindle_000193,new,new,new-new,R6,R6,R6-R6,A,A,0.87232,0.89368,B03,B03,mixed_bin_rule,0.662403,-3.9e-05,-0.000323,-0.000362,0.0,-0.000362,0.008208,0.0261176373,0.098213,0.955897,0.734071,23866.034,24507.347,23866.034,641.313,2089.1,0.831161,0.970888,0.969925,0.96201879,0.9342,1.0,0.02136,0.114,0.812632,0.18,0.56,0.099,0.06793923,0.05372681,0.944402,3.86847,33277.89,1.68027,0.0,7.01139,0.815123,0.989103,0.953537,0.894607,1,1,1,1,1,1,1,1,1,1,1,hard_feasible,0.807088,minimize absolute runout and chuck-spindle eccentricity,match low-runout spindle with higher-precision chuck,5,high,0.78277,"pair satisfies dimension-chain, life-gap, reliability, source and risk constraints",case_calibrated_synthetic,https://asmedigitalcollection.asme.org/manufacturingscience/article/140/7/071015/473238/A-Multistage-Approach-to-the-Selective-Assembly-of,"Pairwise compatibility record generated from assembly candidates using dimension-chain, binning, life, reliability, risk, cost and green metrics.",0,chuck,spindle,1,1
CMP000001584,AR_CK6150_01_spindle_radial_runout,CK6150,cnc_lathe,spindle_radial_runout,rotation_accuracy,spindle_system,chuck,spindle,AC00013269,AC00018768,NEW_FROM_C000890_chuck_01,NEW_CK6150_spindle_000192,new_replacement,new,new_replacement-new,R6,R6,R6-R6,A,A,0.89736,0.93204,B03,B03,mixed_bin_rule,0.783582,0.0001,0.000161,0.000261,0.0,0.000261,0.008208,0.0135768106,0.098213,0.968202,0.861762,19740.011,21322.361,19740.011,1582.35,2089.1,0.583413,0.971,0.991435,0.96867135,0.9342,1.0,0.03468,0.114,0.695789,0.215,0.56,0.121464,0.04157579,0.05324145,0.944904,5.89098,42446.79,6.91334,0.000799,9.16154,0.764185,0.839851,0.904719,0.890893,1,1,1,1,1,1,1,1,1,1,1,hard_feasible,0.804635,minimize absolute runout and chuck-spindle eccentricity,match low-runout spindle with higher-precision chuck,5,high,0.78277,"pair satisfies dimension-chain, life-gap, reliability, source and risk constraints",case_calibrated_synthetic,https://asmedigitalcollection.asme.org/manufacturingscience/article/140/7/071015/473238/A-Multistage-Approach-to-the-Selective-Assembly-of,"Pairwise compatibility record generated from assembly candidates using dimension-chain, binning, life, reliability, risk, cost and green metrics.",0,chuck,spindle,1,1
CMP000001587,AR_CK6150_01_spindle_radial_runout,CK6150,cnc_lathe,spindle_radial_runout,rotation_accuracy,spindle_system,chuck,spindle,AC00018776,AC00000747,NEW_CK6150_chuck_000200,NEW_FROM_C000049_spindle_01,new,new_replacement,new-new_replacement,R6,R6,R6-R6,A,A,0.9575,0.89728,B03,B03,mixed_bin_rule,0.870722,0.000385,-0.0001,0.000285,0.0,0.000285,0.008208,0.0161884946,0.098213,0.965278,0.83517,26124.003,24262.707,24262.707,1861.296,2089.1,0.509974,0.986189,0.966,0.9622644,0.9342,1.0,0.06022,0.114,0.471754,0.215,0.56,0.121464,0.05390181,0.05912895,0.938812,7.70215,66655.27,10.12663,0.001001,7.82786,0.629693,0.833754,0.942213,0.852061,1,1,1,1,1,1,1,1,1,1,1,hard_feasible,0.781187,minimize absolute runout and chuck-spindle eccentricity,match low-runout spindle with higher-precision chuck,5,high,0.78277,"pair satisfies dimension-chain, life-gap, reliability, source and risk constraints",case_calibrated_synthetic,https://asmedigitalcollection.asme.org/manufacturingscience/article/140/7/071015/473238/A-Multistage-Approach-to-the-Selective-Assembly-of,"Pairwise compatibility record generated from assembly candidates using dimension-chain, binning, life, reliability, risk, cost and green metrics.",0,chuck,spindle,1,1
CMP000001590,AR_CK6150_01_spindle_radial_runout,CK6150,cnc_lathe,spindle_radial_runout,rotation_accuracy,spindle_system,chuck,spindle,AC00018780,AC00018774,NEW_CK6150_chuck_000204,NEW_CK6150_spindle_000198,new,new,new-new,R6,R6,R6-R6,A,A,0.87232,0.8929,B03,B03,mixed_bin_rule,0.807544,-3.9e-05,0.000584,0.000545,0.0,0.000545,0.008208,0.0591983701,0.098213,0.933601,0.397245,23866.034,24648.375,23866.034,782.341,2089.1,0.794032,0.970888,0.993846,0.96921504,0.9342,1.0,0.02058,0.114,0.819474,0.18,0.56,0.099,0.04250547,0.04736837,0.950982,4.067,38533.19,1.71005,0.0,5.20707,0.785927,0.990838,0.953537,0.875942,1,1,1,1,1,1,1,1,1,1,1,hard_feasible,0.762297,minimize absolute runout and chuck-spindle eccentricity,match low-runout spindle with higher-precision chuck,5,high,0.78277,"pair satisfies dimension-chain, life-gap, reliability, source and risk constraints",case_calibrated_synthetic,https://asmedigitalcollection.asme.org/manufacturingscience/article/140/7/071015/473238/A-Multistage-Approach-to-the-Selective-Assembly-of,"Pairwise compatibility record generated from assembly candidates using dimension-chain, binning, life, reliability, risk, cost and green metrics.",0,chuck,spindle,1,1
CMP000001593,AR_CK6150_01_spindle_radial_runout,CK6150,cnc_lathe,spindle_radial_runout,rotation_accuracy,spindle_system,chuck,spindle,AC00017962,AC00018771,NEW_FROM_C001180_chuck_01,NEW_CK6150_spindle_000195,new_replacement,new,new_replacement-new,R6,R6,R6-R6,A,A,0.89736,0.84966,B03,B03,mixed_bin_rule,0.8425,-0.0001,0.000604,0.000504,0.0,0.000504,0.008208,0.05062649,0.098213,0.938596,0.484524,19487.864,21430.316,19487.864,1942.452,2089.1,0.488608,0.971,0.949304,0.94159565,0.9342,0.873957,0.0477,0.114,0.581579,0.215,0.56,0.121464,0.08218737,0.08089434,0.916288,5.90286,33887.61,6.91512,0.000799,7.88218,0.811735,0.841126,0.904719,0.874031,1,1,1,1,1,1,1,1,1,1,1,hard_feasible,0.708729,minimize absolute runout and chuck-spindle eccentricity,match low-runout spindle with higher-precision chuck,5,high,0.78277,"pair satisfies dimension-chain, life-gap, reliability, source and risk constraints",case_calibrated_synthetic,https://asmedigitalcollection.asme.org/manufacturingscience/article/140/7/071015/473238/A-Multistage-Approach-to-the-Selective-Assembly-of,"Pairwise compatibility record generated from assembly candidates using dimension-chain, binning, life, reliability, risk, cost and green metrics.",0,chuck,spindle,1,1
CMP000001594,AR_CK6150_01_spindle_radial_runout,CK6150,cnc_lathe,spindle_radial_runout,rotation_accuracy,spindle_system,chuck,spindle,AC00018780,AC00018770,NEW_CK6150_chuck_000204,NEW_CK6150_spindle_000194,new,new,new-new,R6,R6,R6-R6,A,A,0.87232,0.9435,B03,B03,mixed_bin_rule,0.803702,-3.9e-05,0.000685,0.000646,0.0,0.000646,0.008208,0.0831728879,0.098213,0.921296,0.153138,23866.034,23791.775,23791.775,74.259,2089.1,0.98045,0.970888,0.992346,0.96880727,0.9342,1.0,0.07118,0.114,0.375614,0.18,0.56,0.099,0.04330412,0.04756803,0.950775,3.79074,38500.04,1.66861,0.0,5.53939,0.786111,0.990602,0.953537,0.874396,1,1,1,1,1,1,1,1,1,1,1,hard_feasible,0.706516,minimize absolute runout and chuck-spindle eccentricity,match low-runout spindle with higher-precision chuck,5,high,0.78277,"pair satisfies dimension-chain, life-gap, reliability, source and risk constraints",case_calibrated_synthetic,https://asmedigitalcollection.asme.org/manufacturingscience/article/140/7/071015/473238/A-Multistage-Approach-to-the-Selective-Assembly-of,"Pairwise compatibility record generated from assembly candidates using dimension-chain, binning, life, reliability, risk, cost and green metrics.",0,chuck,spindle,1,1
CMP000001605,AR_CK6150_01_spindle_radial_runout,CK6150,cnc_lathe,spindle_radial_runout,rotation_accuracy,spindle_system,chuck,spindle,AC00016426,AC00018774,NEW_FROM_C001095_chuck_01,NEW_CK6150_spindle_000198,new_replacement,new,new_replacement-new,R6,R6,R6-R6,A,A,0.89736,0.8929,B03,B03,mixed_bin_rule,0.679327,0.0001,0.000584,0.000684,0.0,0.000684,0.008208,0.093245729,0.098213,0.916667,0.050577,22574.917,24648.375,22574.917,2073.458,2089.1,0.454118,0.971,0.993846,0.96932685,0.9342,1.0,0.00446,0.114,0.960877,0.215,0.56,0.121464,0.04153122,0.0532303,0.944916,6.16063,42479.15,6.95379,0.000799,7.71239,0.764005,0.841207,0.904719,0.875942,1,1,1,1,1,1,1,1,1,1,1,hard_feasible,0.654125,minimize absolute runout and chuck-spindle eccentricity,match low-runout spindle with higher-precision chuck,5,high,0.78277,"pair satisfies dimension-chain, life-gap, reliability, source and risk constraints",case_calibrated_synthetic,https://asmedigitalcollection.asme.org/manufacturingscience/article/140/7/071015/473238/A-Multistage-Approach-to-the-Selective-Assembly-of,"Pairwise compatibility record generated from assembly candidates using dimension-chain, binning, life, reliability, risk, cost and green metrics.",0,chuck,spindle,1,1
CMP000001607,AR_CK6150_01_spindle_radial_runout,CK6150,cnc_lathe,spindle_radial_runout,rotation_accuracy,spindle_system,chuck,spindle,AC00016426,AC00018770,NEW_FROM_C001095_chuck_01,NEW_CK6150_spindle_000194,new_replacement,new,new_replacement-new,R6,R6,R6-R6,A,A,0.89736,0.9435,B03,B03,mixed_bin_rule,0.671051,0.0001,0.000685,0.000785,0.0,0.000785,0.008208,0.1228163138,0.098213,0.904362,0.0,22574.917,23791.775,22574.917,1216.858,2089.1,0.679636,0.971,0.992346,0.96891903,0.9342,1.0,0.04614,0.114,0.595263,0.215,0.56,0.121464,0.04233068,0.05343017,0.944709,5.88437,42446.0,6.91235,0.000799,8.04471,0.764189,0.84097,0.904719,0.874396,1,1,0,1,1,1,1,1,1,1,1,soft_feasible_with_penalty,0.639684,minimize absolute runout and chuck-spindle eccentricity,match low-runout spindle with higher-precision chuck,5,high,0.78277,pair is soft-feasible with minor deviation or risk margin and may be used with penalty,case_calibrated_synthetic,https://asmedigitalcollection.asme.org/manufacturingscience/article/140/7/071015/473238/A-Multistage-Approach-to-the-Selective-Assembly-of,"Pairwise compatibility record generated from assembly candidates using dimension-chain, binning, life, reliability, risk, cost and green metrics.",1,chuck,spindle,1,1
CMP000001608,AR_CK6150_01_spindle_radial_runout,CK6150,cnc_lathe,spindle_radial_runout,rotation_accuracy,spindle_system,chuck,spindle,AC00015097,AC00018770,NEW_FROM_C001022_chuck_01,NEW_CK6150_spindle_000194,new_replacement,new,new_replacement-new,R6,R6,R6-R6,A,A,0.89736,0.9435,B03,B03,mixed_bin_rule,0.671051,0.0001,0.000685,0.000785,0.0,0.000785,0.008208,0.1228163138,0.098213,0.904362,0.0,22496.939,23791.775,22496.939,1294.836,2089.1,0.659107,0.971,0.992346,0.96891903,0.9342,1.0,0.04614,0.114,0.595263,0.215,0.56,0.121464,0.04233068,0.05343017,0.944709,5.88437,42446.0,6.91235,0.000799,8.04471,0.764189,0.84097,0.904719,0.874396,1,1,0,1,1,1,1,1,1,1,1,soft_feasible_with_penalty,0.63722,minimize absolute runout and chuck-spindle eccentricity,match low-runout spindle with higher-precision chuck,5,high,0.78277,pair is soft-feasible with minor deviation or risk margin and may be used with penalty,case_calibrated_synthetic,https://asmedigitalcollection.asme.org/manufacturingscience/article/140/7/071015/473238/A-Multistage-Approach-to-the-Selective-Assembly-of,"Pairwise compatibility record generated from assembly candidates using dimension-chain, binning, life, reliability, risk, cost and green metrics.",1,chuck,spindle,1,1
CMP000001610,AR_CK6150_01_spindle_radial_runout,CK6150,cnc_lathe,spindle_radial_runout,rotation_accuracy,spindle_system,chuck,spindle,AC00015097,AC00018771,NEW_FROM_C001022_chuck_01,NEW_CK6150_spindle_000195,new_replacement,new,new_replacement-new,R6,R6,R6-R6,A,A,0.89736,0.84966,B03,B03,mixed_bin_rule,0.6775,0.0001,0.000604,0.000704,0.0,0.000704,0.008208,0.0987784173,0.098213,0.91423,0.0,22496.939,21430.316,21430.316,1066.623,2089.1,0.719189,0.971,0.949304,0.94159565,0.9342,0.873957,0.0477,0.114,0.581579,0.215,0.56,0.121464,0.08218737,0.08089434,0.916288,5.90286,33887.61,6.91512,0.000799,7.88218,0.811735,0.841126,0.904719,0.874031,1,1,0,1,1,1,1,1,1,1,1,soft_feasible_with_penalty,0.631333,minimize absolute runout and chuck-spindle eccentricity,match low-runout spindle with higher-precision chuck,5,high,0.78277,pair is soft-feasible with minor deviation or risk margin and may be used with penalty,case_calibrated_synthetic,https://asmedigitalcollection.asme.org/manufacturingscience/article/140/7/071015/473238/A-Multistage-Approach-to-the-Selective-Assembly-of,"Pairwise compatibility record generated from assembly candidates using dimension-chain, binning, life, reliability, risk, cost and green metrics.",1,chuck,spindle,1,1
CMP000001611,AR_CK6150_01_spindle_radial_runout,CK6150,cnc_lathe,spindle_radial_runout,rotation_accuracy,spindle_system,chuck,spindle,AC00016426,AC00018771,NEW_FROM_C001095_chuck_01,NEW_CK6150_spindle_000195,new_replacement,new,new_replacement-new,R6,R6,R6-R6,A,A,0.89736,0.84966,B03,B03,mixed_bin_rule,0.6775,0.0001,0.000604,0.000704,0.0,0.000704,0.008208,0.0987784173,0.098213,0.91423,0.0,22574.917,21430.316,21430.316,1144.601,2089.1,0.698659,0.971,0.949304,0.94159565,0.9342,0.873957,0.0477,0.114,0.581579,0.215,0.56,0.121464,0.08218737,0.08089434,0.916288,5.90286,33887.61,6.91512,0.000799,7.88218,0.811735,0.841126,0.904719,0.874031,1,1,0,1,1,1,1,1,1,1,1,soft_feasible_with_penalty,0.628869,minimize absolute runout and chuck-spindle eccentricity,match low-runout spindle with higher-precision chuck,5,high,0.78277,pair is soft-feasible with minor deviation or risk margin and may be used with penalty,case_calibrated_synthetic,https://asmedigitalcollection.asme.org/manufacturingscience/article/140/7/071015/473238/A-Multistage-Approach-to-the-Selective-Assembly-of,"Pairwise compatibility record generated from assembly candidates using dimension-chain, binning, life, reliability, risk, cost and green metrics.",1,chuck,spindle,1,1
CMP000001612,AR_CK6150_01_spindle_radial_runout,CK6150,cnc_lathe,spindle_radial_runout,rotation_accuracy,spindle_system,chuck,spindle,AC00013269,AC00018771,NEW_FROM_C000890_chuck_01,NEW_CK6150_spindle_000195,new_replacement,new,new_replacement-new,R6,R6,R6-R6,A,A,0.89736,0.84966,B03,B03,mixed_bin_rule,0.6775,0.0001,0.000604,0.000704,0.0,0.000704,0.008208,0.0987784173,0.098213,0.91423,0.0,19740.011,21430.316,19740.011,1690.305,2089.1,0.554991,0.971,0.949304,0.94159565,0.9342,0.873957,0.0477,0.114,0.581579,0.215,0.56,0.121464,0.08218737,0.08089434,0.916288,5.90286,33887.61,6.91512,0.000799,7.88218,0.811735,0.841126,0.904719,0.874031,1,1,0,1,1,1,1,1,1,1,1,soft_feasible_with_penalty,0.611629,minimize absolute runout and chuck-spindle eccentricity,match low-runout spindle with higher-precision chuck,5,high,0.78277,pair is soft-feasible with minor deviation or risk margin and may be used with penalty,case_calibrated_synthetic,https://asmedigitalcollection.asme.org/manufacturingscience/article/140/7/071015/473238/A-Multistage-Approach-to-the-Selective-Assembly-of,"Pairwise compatibility record generated from assembly candidates using dimension-chain, binning, life, reliability, risk, cost and green metrics.",1,chuck,spindle,1,1
CMP000001740,AR_CK6150_02_spindle_bed_parallelism,CK6150,cnc_lathe,spindle_bed_parallelism,geometric_accuracy,spindle_bed_alignment,bed,spindle,AC00018757,AC00018749,NEW_CK6150_bed_000181,NEW_CK6150_spindle_000173,new,new,new-new,R6,R6,R6-R6,A,A,0.88848,0.88663,B03,B03,complementary_bin,0.929136,0.000465,-0.000253,0.000212,0.0,0.000212,0.01098,0.0122578587,0.157567,0.980692,0.922205,22257.537,23340.596,22257.537,1083.059,2020.6,0.705195,0.963804,0.974141,0.95682556,0.93349,1.0,0.00185,0.104,0.982212,0.18,0.46,0.144,0.07014172,0.05488443,0.942537,4.05389,57987.64,1.70808,0.0,7.61481,0.677846,0.988435,0.899007,0.928134,1,1,1,1,1,1,1,1,1,1,1,hard_feasible,0.876381,opposite-sign deviation matching,select guideway pair and spindle housing with compensating deviations,5,high,0.82325,"pair satisfies dimension-chain, life-gap, reliability, source and risk constraints",case_calibrated_synthetic,https://asmedigitalcollection.asme.org/manufacturingscience/article/140/7/071015/473238/A-Multistage-Approach-to-the-Selective-Assembly-of,"Pairwise compatibility record generated from assembly candidates using dimension-chain, binning, life, reliability, risk, cost and green metrics.",0,bed,spindle,1,2
CMP000001743,AR_CK6150_02_spindle_bed_parallelism,CK6150,cnc_lathe,spindle_bed_parallelism,geometric_accuracy,spindle_bed_alignment,bed,spindle,AC00018757,AC00000746,NEW_CK6150_bed_000181,NEW_FROM_C000049_spindle_01,new,new_replacement,new-new_replacement,R6,R6,R6-R6,A,A,0.88848,0.89728,B03,B03,complementary_bin,0.844956,0.000465,-0.0001,0.000365,0.0,0.000365,0.01098,0.0363352889,0.157567,0.966758,0.769398,22257.537,24262.707,22257.537,2005.17,2020.6,0.4542,0.963804,0.966,0.95462859,0.93349,1.0,0.0088,0.104,0.915385,0.215,0.46,0.18575,0.07520602,0.06475851,0.932199,7.69626,89354.54,10.12575,0.001001,10.35379,0.503586,0.83123,0.899007,0.852861,1,1,1,1,1,1,1,1,1,1,1,hard_feasible,0.797501,opposite-sign deviation matching,select guideway pair and spindle housing with compensating deviations,5,high,0.82325,"pair satisfies dimension-chain, life-gap, reliability, source and risk constraints",case_calibrated_synthetic,https://asmedigitalcollection.asme.org/manufacturingscience/article/140/7/071015/473238/A-Multistage-Approach-to-the-Selective-Assembly-of,"Pairwise compatibility record generated from assembly candidates using dimension-chain, binning, life, reliability, risk, cost and green metrics.",0,bed,spindle,1,2
CMP000001745,AR_CK6150_02_spindle_bed_parallelism,CK6150,cnc_lathe,spindle_bed_parallelism,geometric_accuracy,spindle_bed_alignment,bed,spindle,AC00018756,AC00018749,NEW_CK6150_bed_000180,NEW_CK6150_spindle_000173,new,new,new-new,R6,R6,R6-R6,A,A,0.87848,0.88663,B03,B03,complementary_bin,0.783833,-0.000323,-0.000253,-0.000576,0.0,-0.000576,0.01098,0.0904873471,0.157567,0.947541,0.425721,22881.601,23340.596,22881.601,458.995,2020.6,0.875063,0.970203,0.974141,0.96317823,0.93349,1.0,0.00815,0.104,0.921635,0.18,0.46,0.144,0.06328537,0.05317034,0.944332,3.82482,57960.15,1.67372,0.0,7.56774,0.677999,0.988562,0.900327,0.928134,1,1,1,1,1,1,1,1,1,1,1,hard_feasible,0.785382,opposite-sign deviation matching,select guideway pair and spindle housing with compensating deviations,5,high,0.82325,"pair satisfies dimension-chain, life-gap, reliability, source and risk constraints",case_calibrated_synthetic,https://asmedigitalcollection.asme.org/manufacturingscience/article/140/7/071015/473238/A-Multistage-Approach-to-the-Selective-Assembly-of,"Pairwise compatibility record generated from assembly candidates using dimension-chain, binning, life, reliability, risk, cost and green metrics.",0,bed,spindle,1,2
CMP000001746,AR_CK6150_02_spindle_bed_parallelism,CK6150,cnc_lathe,spindle_bed_parallelism,geometric_accuracy,spindle_bed_alignment,bed,spindle,AC00018756,AC00000746,NEW_CK6150_bed_000180,NEW_FROM_C000049_spindle_01,new,new_replacement,new-new_replacement,R6,R6,R6-R6,A,A,0.87848,0.89728,B03,B03,complementary_bin,0.686475,-0.000323,-0.0001,-0.000423,0.0,-0.000423,0.01098,0.0488004272,0.157567,0.961475,0.690288,22881.601,24262.707,22881.601,1381.106,2020.6,0.624068,0.970203,0.966,0.95794051,0.93349,1.0,0.0188,0.104,0.819231,0.215,0.46,0.18575,0.06838702,0.06305375,0.933984,7.46719,89327.05,10.09139,0.001001,10.30672,0.503739,0.831357,0.900327,0.852861,1,1,1,1,1,1,1,1,1,1,1,hard_feasible,0.77569,opposite-sign deviation matching,select guideway pair and spindle housing with compensating deviations,5,high,0.82325,"pair satisfies dimension-chain, life-gap, reliability, source and risk constraints",case_calibrated_synthetic,https://asmedigitalcollection.asme.org/manufacturingscience/article/140/7/071015/473238/A-Multistage-Approach-to-the-Selective-Assembly-of,"Pairwise compatibility record generated from assembly candidates using dimension-chain, binning, life, reliability, risk, cost and green metrics.",0,bed,spindle,1,2
CMP000001799,AR_CK6150_02_spindle_bed_parallelism,CK6150,cnc_lathe,spindle_bed_parallelism,geometric_accuracy,spindle_bed_alignment,guideway,spindle,AC00018480,AC00018749,NEW_FROM_C001214_guideway_02,NEW_CK6150_spindle_000173,new_replacement,new,new_replacement-new,R6,R6,R6-R6,A,A,0.89731,0.88663,B03,B03,complementary_bin,0.708977,-0.0001,-0.000253,-0.000353,0.0,-0.000353,0.01098,0.0339853932,0.157567,0.967851,0.784311,23205.283,23340.596,23205.283,135.313,2020.6,0.963168,0.967,0.974141,0.95999842,0.93349,1.0,0.01068,0.104,0.897308,0.215,0.46,0.18575,0.06493671,0.06136918,0.935748,7.49023,59558.81,10.60424,0.000997,9.71634,0.669118,0.830761,0.866887,0.928134,1,1,1,1,1,1,1,1,1,1,1,hard_feasible,0.845557,opposite-sign deviation matching,select guideway pair and spindle housing with compensating deviations,5,high,0.82325,"pair satisfies dimension-chain, life-gap, reliability, source and risk constraints",case_calibrated_synthetic,https://asmedigitalcollection.asme.org/manufacturingscience/article/140/7/071015/473238/A-Multistage-Approach-to-the-Selective-Assembly-of,"Pairwise compatibility record generated from assembly candidates using dimension-chain, binning, life, reliability, risk, cost and green metrics.",0,guideway,spindle,1,2
CMP000001803,AR_CK6150_02_spindle_bed_parallelism,CK6150,cnc_lathe,spindle_bed_parallelism,geometric_accuracy,spindle_bed_alignment,guideway,spindle,AC00018538,AC00018749,NEW_FROM_C001224_guideway_01,NEW_CK6150_spindle_000173,new_replacement,new,new_replacement-new,R6,R6,R6-R6,A,A,0.89731,0.88663,B03,B03,complementary_bin,0.708977,-0.0001,-0.000253,-0.000353,0.0,-0.000353,0.01098,0.0339853932,0.157567,0.967851,0.784311,22463.24,23340.596,22463.24,877.356,2020.6,0.761187,0.967,0.974141,0.95999842,0.93349,1.0,0.01068,0.104,0.897308,0.215,0.46,0.18575,0.06493671,0.06136918,0.935748,7.49023,59558.81,10.60424,0.000997,9.71634,0.669118,0.830761,0.866887,0.928134,1,1,1,1,1,1,1,1,1,1,1,hard_feasible,0.821319,opposite-sign deviation matching,select guideway pair and spindle housing with compensating deviations,5,high,0.82325,"pair satisfies dimension-chain, life-gap, reliability, source and risk constraints",case_calibrated_synthetic,https://asmedigitalcollection.asme.org/manufacturingscience/article/140/7/071015/473238/A-Multistage-Approach-to-the-Selective-Assembly-of,"Pairwise compatibility record generated from assembly candidates using dimension-chain, binning, life, reliability, risk, cost and green metrics.",0,guideway,spindle,1,2
CMP000001804,AR_CK6150_02_spindle_bed_parallelism,CK6150,cnc_lathe,spindle_bed_parallelism,geometric_accuracy,spindle_bed_alignment,guideway,spindle,AC00018764,AC00018749,NEW_CK6150_guideway_000188,NEW_CK6150_spindle_000173,new,new,new-new,R6,R6,R6-R6,A,A,0.93358,0.88663,B03,B03,complementary_bin,0.653526,-5.1e-05,-0.000253,-0.000304,0.0,-0.000304,0.01098,0.0252051947,0.157567,0.972313,0.840035,22096.343,23340.596,22096.343,1244.253,2020.6,0.661319,0.98913,0.974141,0.9711761,0.93349,1.0,0.04695,0.104,0.548558,0.18,0.46,0.144,0.04468359,0.0485199,0.949201,3.72577,45728.51,1.65886,0.0,6.69291,0.745953,0.989471,0.942238,0.928134,1,1,1,1,1,1,1,1,1,1,1,hard_feasible,0.787002,opposite-sign deviation matching,select guideway pair and spindle housing with compensating deviations,5,high,0.82325,"pair satisfies dimension-chain, life-gap, reliability, source and risk constraints",case_calibrated_synthetic,https://asmedigitalcollection.asme.org/manufacturingscience/article/140/7/071015/473238/A-Multistage-Approach-to-the-Selective-Assembly-of,"Pairwise compatibility record generated from assembly candidates using dimension-chain, binning, life, reliability, risk, cost and green metrics.",0,guideway,spindle,1,2
CMP000001805,AR_CK6150_02_spindle_bed_parallelism,CK6150,cnc_lathe,spindle_bed_parallelism,geometric_accuracy,spindle_bed_alignment,guideway,spindle,AC00018480,AC00018751,NEW_FROM_C001214_guideway_02,NEW_CK6150_spindle_000175,new_replacement,new,new_replacement-new,R6,R6,R6-R6,A,A,0.89731,0.96379,B03,B03,complementary_bin,0.845561,-0.0001,0.000461,0.000361,0.0,0.000361,0.01098,0.0355432628,0.157567,0.967122,0.774424,23205.283,24941.55,23205.283,1736.267,2020.6,0.527394,0.967,0.990683,0.96447733,0.93349,1.0,0.06648,0.104,0.360769,0.215,0.46,0.18575,0.04858484,0.05728121,0.940028,7.34308,64772.63,10.58217,0.000997,11.84736,0.640152,0.828681,0.866887,0.914151,1,1,1,1,1,1,1,1,1,1,1,hard_feasible,0.765883,opposite-sign deviation matching,select guideway pair and spindle housing with compensating deviations,5,high,0.82325,"pair satisfies dimension-chain, life-gap, reliability, source and risk constraints",case_calibrated_synthetic,https://asmedigitalcollection.asme.org/manufacturingscience/article/140/7/071015/473238/A-Multistage-Approach-to-the-Selective-Assembly-of,"Pairwise compatibility record generated from assembly candidates using dimension-chain, binning, life, reliability, risk, cost and green metrics.",0,guideway,spindle,1,2
CMP000001808,AR_CK6150_02_spindle_bed_parallelism,CK6150,cnc_lathe,spindle_bed_parallelism,geometric_accuracy,spindle_bed_alignment,guideway,spindle,AC00018766,AC00018749,NEW_CK6150_guideway_000190,NEW_CK6150_spindle_000173,new,new,new-new,R6,R6,R6-R6,A,A,0.93724,0.88663,B03,B03,complementary_bin,0.766068,-0.000376,-0.000253,-0.000629,0.0,-0.000629,0.01098,0.1079056486,0.157567,0.942714,0.315176,21847.666,23340.596,21847.666,1492.93,2020.6,0.59363,0.987033,0.974141,0.97060413,0.93349,1.0,0.05061,0.104,0.513365,0.18,0.46,0.144,0.0469881,0.04909603,0.948598,4.03665,45765.81,1.70549,0.0,7.41142,0.745745,0.988645,0.934288,0.928134,1,1,1,1,1,1,1,1,1,1,1,hard_feasible,0.699272,opposite-sign deviation matching,select guideway pair and spindle housing with compensating deviations,5,high,0.82325,"pair satisfies dimension-chain, life-gap, reliability, source and risk constraints",case_calibrated_synthetic,https://asmedigitalcollection.asme.org/manufacturingscience/article/140/7/071015/473238/A-Multistage-Approach-to-the-Selective-Assembly-of,"Pairwise compatibility record generated from assembly candidates using dimension-chain, binning, life, reliability, risk, cost and green metrics.",0,guideway,spindle,1,2
CMP000001864,AR_CK6150_03_guideway_pair_parallelism,CK6150,cnc_lathe,guideway_pair_parallelism,geometric_accuracy,feed_guide_system,bed,guideway,AC00018737,AC00018537,NEW_CK6150_bed_000161,NEW_FROM_C001224_guideway_01,new,new_replacement,new-new_replacement,R6,R6,R6-R6,A,A,0.92334,0.89731,B03,B03,same_grade_bin,0.908696,-0.000268,0.0001,-0.000168,0.0,-0.000168,0.01081,0.0061083058,0.118209,0.984459,0.948326,20446.498,22463.24,20446.498,2016.742,2035.1,0.454961,0.992953,0.967,0.96509195,0.93349,1.0,0.02603,0.104,0.749712,0.215,0.46,0.18575,0.04482372,0.05631393,0.941101,7.48146,76918.81,10.60293,0.000997,10.90789,0.572673,0.829573,0.89191,0.868965,1,1,1,1,1,1,1,1,1,1,1,hard_feasible,0.827384,same-grade guideway pair matching,scrape or grind guideway before final assembly,5,high,0.81967,"pair satisfies dimension-chain, life-gap, reliability, source and risk constraints",case_calibrated_synthetic,https://asmedigitalcollection.asme.org/manufacturingscience/article/140/7/071015/473238/A-Multistage-Approach-to-the-Selective-Assembly-of,"Pairwise compatibility record generated from assembly candidates using dimension-chain, binning, life, reliability, risk, cost and green metrics.",0,bed,guideway,1,1
CMP000001865,AR_CK6150_03_guideway_pair_parallelism,CK6150,cnc_lathe,guideway_pair_parallelism,geometric_accuracy,feed_guide_system,bed,guideway,AC00018734,AC00018537,NEW_CK6150_bed_000158,NEW_FROM_C001224_guideway_01,new,new_replacement,new-new_replacement,R6,R6,R6-R6,A,A,0.89596,0.89731,B03,B03,same_grade_bin,0.865574,-0.00051,0.0001,-0.00041,0.0,-0.00041,0.01081,0.0363806053,0.118209,0.962072,0.692235,21064.61,22463.24,21064.61,1398.63,2035.1,0.62201,0.969581,0.967,0.95876375,0.93349,1.0,0.00135,0.104,0.987019,0.215,0.46,0.18575,0.06821442,0.0621616,0.934985,7.35269,69484.58,10.58361,0.000997,12.38373,0.613975,0.828142,0.901662,0.868965,1,1,1,1,1,1,1,1,1,1,1,hard_feasible,0.81479,same-grade guideway pair matching,scrape or grind guideway before final assembly,5,high,0.81967,"pair satisfies dimension-chain, life-gap, reliability, source and risk constraints",case_calibrated_synthetic,https://asmedigitalcollection.asme.org/manufacturingscience/article/140/7/071015/473238/A-Multistage-Approach-to-the-Selective-Assembly-of,"Pairwise compatibility record generated from assembly candidates using dimension-chain, binning, life, reliability, risk, cost and green metrics.",0,bed,guideway,1,1
CMP000001938,AR_CK6150_04_feed_axis_backlash,CK6150,cnc_lathe,feed_axis_backlash,positioning_accuracy,feed_drive,ball_screw,guideway,AC00018784,AC00018539,NEW_CK6150_ball_screw_000208,NEW_FROM_C001224_guideway_01,new,new_replacement,new-new_replacement,R6,R6,R6-R6,A,A,0.91179,0.89731,B03,B02,mixed_bin_rule,0.82955,0.000788,-0.0001,0.000688,0.0,0.000688,0.013259,0.0624851914,0.200722,0.948111,0.688698,22275.226,22463.24,22275.226,188.014,2078.8,0.950256,0.970107,0.967,0.95890617,0.93321,1.0,0.01448,0.1208,0.880132,0.215,0.56,0.121464,0.06919763,0.06202291,0.936085,7.33445,48593.49,10.58088,0.000997,8.42787,0.730036,0.832104,0.922977,0.853316,1,1,1,1,1,1,1,1,1,1,1,hard_feasible,0.835476,match low-backlash screw with higher-load axis,preload adjustment and screw-nut matching,4,high,0.76838,"pair satisfies dimension-chain, life-gap, reliability, source and risk constraints",case_calibrated_synthetic,https://asmedigitalcollection.asme.org/manufacturingscience/article/140/7/071015/473238/A-Multistage-Approach-to-the-Selective-Assembly-of,"Pairwise compatibility record generated from assembly candidates using dimension-chain, binning, life, reliability, risk, cost and green metrics.",0,ball_screw,guideway,1,2
CMP000001941,AR_CK6150_04_feed_axis_backlash,CK6150,cnc_lathe,feed_axis_backlash,positioning_accuracy,feed_drive,ball_screw,guideway,AC00001864,AC00018796,NEW_FROM_C000125_ball_screw_01,NEW_CK6150_guideway_000220,new_replacement,new,new_replacement-new,R6,R6,R6-R6,A,A,0.89732,0.89985,B02,B03,mixed_bin_rule,0.836774,-0.0001,0.000675,0.000575,0.0,0.000575,0.013259,0.0436451427,0.200722,0.956633,0.782559,21361.414,22857.643,21361.414,1496.229,2078.8,0.604134,0.9686,0.977329,0.96245144,0.93321,1.0,0.00253,0.1208,0.979056,0.215,0.56,0.121464,0.05919812,0.05904403,0.939154,6.81859,54997.51,8.34883,0.000925,8.84347,0.694458,0.83685,0.854038,0.904348,1,1,1,1,1,1,1,1,1,1,1,hard_feasible,0.819449,match low-backlash screw with higher-load axis,preload adjustment and screw-nut matching,4,high,0.76838,"pair satisfies dimension-chain, life-gap, reliability, source and risk constraints",case_calibrated_synthetic,https://asmedigitalcollection.asme.org/manufacturingscience/article/140/7/071015/473238/A-Multistage-Approach-to-the-Selective-Assembly-of,"Pairwise compatibility record generated from assembly candidates using dimension-chain, binning, life, reliability, risk, cost and green metrics.",0,ball_screw,guideway,1,2
CMP000001943,AR_CK6150_04_feed_axis_backlash,CK6150,cnc_lathe,feed_axis_backlash,positioning_accuracy,feed_drive,ball_screw,guideway,AC00018784,AC00018481,NEW_CK6150_ball_screw_000208,NEW_FROM_C001214_guideway_02,new,new_replacement,new-new_replacement,R6,R6,R6-R6,A,A,0.91179,0.89731,B03,B02,mixed_bin_rule,0.82955,0.000788,-0.0001,0.000688,0.0,0.000688,0.013259,0.0624851914,0.200722,0.948111,0.688698,22275.226,23205.283,22275.226,930.057,2078.8,0.75393,0.970107,0.967,0.95890617,0.93321,1.0,0.01448,0.1208,0.880132,0.215,0.56,0.121464,0.06919763,0.06202291,0.936085,7.33445,48593.49,10.58088,0.000997,8.42787,0.730036,0.832104,0.922977,0.853316,1,1,1,1,1,1,1,1,1,1,1,hard_feasible,0.811917,match low-backlash screw with higher-load axis,preload adjustment and screw-nut matching,4,high,0.76838,"pair satisfies dimension-chain, life-gap, reliability, source and risk constraints",case_calibrated_synthetic,https://asmedigitalcollection.asme.org/manufacturingscience/article/140/7/071015/473238/A-Multistage-Approach-to-the-Selective-Assembly-of,"Pairwise compatibility record generated from assembly candidates using dimension-chain, binning, life, reliability, risk, cost and green metrics.",0,ball_screw,guideway,1,2
CMP000001944,AR_CK6150_04_feed_axis_backlash,CK6150,cnc_lathe,feed_axis_backlash,positioning_accuracy,feed_drive,ball_screw,guideway,AC00013921,AC00018796,NEW_FROM_C000921_ball_screw_02,NEW_CK6150_guideway_000220,new_replacement,new,new_replacement-new,R6,R6,R6-R6,A,A,0.89732,0.89985,B03,B03,mixed_bin_rule,0.671774,0.0001,0.000675,0.000775,0.0,0.000775,0.013259,0.0792873008,0.200722,0.941549,0.604989,21502.12,22857.643,21502.12,1355.523,2078.8,0.641362,0.9686,0.977329,0.96245144,0.93321,1.0,0.00253,0.1208,0.979056,0.215,0.56,0.121464,0.05919812,0.05904403,0.939154,6.81859,54997.51,8.34883,0.000925,8.84347,0.694458,0.83685,0.854038,0.904348,1,1,1,1,1,1,1,1,1,1,1,hard_feasible,0.770284,match low-backlash screw with higher-load axis,preload adjustment and screw-nut matching,4,high,0.76838,"pair satisfies dimension-chain, life-gap, reliability, source and risk constraints",case_calibrated_synthetic,https://asmedigitalcollection.asme.org/manufacturingscience/article/140/7/071015/473238/A-Multistage-Approach-to-the-Selective-Assembly-of,"Pairwise compatibility record generated from assembly candidates using dimension-chain, binning, life, reliability, risk, cost and green metrics.",0,ball_screw,guideway,1,2
CMP000001945,AR_CK6150_04_feed_axis_backlash,CK6150,cnc_lathe,feed_axis_backlash,positioning_accuracy,feed_drive,ball_screw,guideway,AC00001865,AC00018796,NEW_FROM_C000125_ball_screw_02,NEW_CK6150_guideway_000220,new_replacement,new,new_replacement-new,R6,R6,R6-R6,A,A,0.89732,0.89985,B03,B03,mixed_bin_rule,0.671774,0.0001,0.000675,0.000775,0.0,0.000775,0.013259,0.0792873008,0.200722,0.941549,0.604989,24346.44,22857.643,22857.643,1488.797,2078.8,0.6061,0.9686,0.977329,0.96245144,0.93321,1.0,0.00253,0.1208,0.979056,0.215,0.56,0.121464,0.05919812,0.05904403,0.939154,6.81859,54997.51,8.34883,0.000925,8.84347,0.694458,0.83685,0.854038,0.904348,1,1,1,1,1,1,1,1,1,1,1,hard_feasible,0.766053,match low-backlash screw with higher-load axis,preload adjustment and screw-nut matching,4,high,0.76838,"pair satisfies dimension-chain, life-gap, reliability, source and risk constraints",case_calibrated_synthetic,https://asmedigitalcollection.asme.org/manufacturingscience/article/140/7/071015/473238/A-Multistage-Approach-to-the-Selective-Assembly-of,"Pairwise compatibility record generated from assembly candidates using dimension-chain, binning, life, reliability, risk, cost and green metrics.",0,ball_screw,guideway,1,2
CMP000001947,AR_CK6150_04_feed_axis_backlash,CK6150,cnc_lathe,feed_axis_backlash,positioning_accuracy,feed_drive,ball_screw,guideway,AC00018784,AC00018796,NEW_CK6150_ball_screw_000208,NEW_CK6150_guideway_000220,new,new,new-new,R6,R6,R6-R6,A,A,0.91179,0.89985,B03,B03,mixed_bin_rule,0.818008,0.000788,0.000675,0.001463,0.0,0.001463,0.013259,0.282545816,0.200722,0.88966,0.0,22275.226,22857.643,22275.226,582.417,2078.8,0.845907,0.970107,0.977329,0.96394888,0.93321,1.0,0.01194,0.1208,0.901159,0.18,0.56,0.099,0.06099111,0.05177378,0.946646,3.66994,30897.78,1.65049,0.0,5.88595,0.828346,0.990297,0.922977,0.904348,1,1,0,1,1,1,1,1,1,1,1,soft_feasible_with_penalty,0.702536,match low-backlash screw with higher-load axis,preload adjustment and screw-nut matching,4,high,0.76838,pair is soft-feasible with minor deviation or risk margin and may be used with penalty,case_calibrated_synthetic,https://asmedigitalcollection.asme.org/manufacturingscience/article/140/7/071015/473238/A-Multistage-Approach-to-the-Selective-Assembly-of,"Pairwise compatibility record generated from assembly candidates using dimension-chain, binning, life, reliability, risk, cost and green metrics.",1,ball_screw,guideway,1,2
CMP000001948,AR_CK6150_04_feed_axis_backlash,CK6150,cnc_lathe,feed_axis_backlash,positioning_accuracy,feed_drive,ball_screw,guideway,AC00001865,AC00018793,NEW_FROM_C000125_ball_screw_02,NEW_CK6150_guideway_000217,new_replacement,new,new_replacement-new,R6,R6,R6-R6,A,A,0.89732,0.8832,B03,B03,mixed_bin_rule,0.657512,0.0001,0.000935,0.001035,0.0,0.001035,0.013259,0.1414102623,0.200722,0.92194,0.295492,24346.44,26140.199,24346.44,1793.759,2078.8,0.525415,0.9686,0.968273,0.95975994,0.93321,1.0,0.01412,0.1208,0.883113,0.215,0.56,0.121464,0.06722605,0.06105101,0.937086,6.63986,54976.06,8.32202,0.000925,7.56291,0.694577,0.838192,0.854038,0.89523,1,1,1,1,1,1,1,1,1,1,1,hard_feasible,0.692366,match low-backlash screw with higher-load axis,preload adjustment and screw-nut matching,4,high,0.76838,"pair satisfies dimension-chain, life-gap, reliability, source and risk constraints",case_calibrated_synthetic,https://asmedigitalcollection.asme.org/manufacturingscience/article/140/7/071015/473238/A-Multistage-Approach-to-the-Selective-Assembly-of,"Pairwise compatibility record generated from assembly candidates using dimension-chain, binning, life, reliability, risk, cost and green metrics.",0,ball_screw,guideway,1,2
CMP000001994,AR_CK6150_04_feed_axis_backlash,CK6150,cnc_lathe,feed_axis_backlash,positioning_accuracy,feed_drive,ball_screw,servo_axis,AC00018784,AC00018791,NEW_CK6150_ball_screw_000208,NEW_CK6150_servo_axis_000215,new,new,new-new,R6,R6,R6-R6,A,A,0.91179,0.94836,B03,B02,mixed_bin_rule,0.99986,0.000788,-0.000787,1e-06,0.0,1e-06,0.013259,1.32e-07,0.200722,0.999925,0.999999,22275.226,22255.332,22255.332,19.894,2078.8,0.994737,0.970107,0.989839,0.96734697,0.93321,1.0,0.03657,0.1208,0.697268,0.18,0.56,0.099,0.05066615,0.04919254,0.949306,3.33395,26857.31,1.60009,0.0,4.04588,0.850793,0.992254,0.922977,0.920412,1,1,1,1,1,1,1,1,1,1,1,hard_feasible,0.915886,match low-backlash screw with higher-load axis,preload adjustment and screw-nut matching,4,high,0.76838,"pair satisfies dimension-chain, life-gap, reliability, source and risk constraints",case_calibrated_synthetic,https://asmedigitalcollection.asme.org/manufacturingscience/article/140/7/071015/473238/A-Multistage-Approach-to-the-Selective-Assembly-of,"Pairwise compatibility record generated from assembly candidates using dimension-chain, binning, life, reliability, risk, cost and green metrics.",0,ball_screw,servo_axis,1,2
CMP000001997,AR_CK6150_04_feed_axis_backlash,CK6150,cnc_lathe,feed_axis_backlash,positioning_accuracy,feed_drive,ball_screw,servo_axis,AC00013921,AC00018789,NEW_FROM_C000921_ball_screw_02,NEW_CK6150_servo_axis_000213,new_replacement,new,new_replacement-new,R6,R6,R6-R6,A,A,0.89732,0.94567,B03,B02,mixed_bin_rule,0.937706,0.0001,-0.000179,-7.9e-05,0.0,-7.9e-05,0.013259,0.0008238619,0.200722,0.994042,0.995896,21502.12,20522.994,20522.994,979.126,2078.8,0.740947,0.9686,0.984093,0.96428589,0.93321,1.0,0.04835,0.1208,0.599752,0.215,0.56,0.121464,0.05229136,0.05731734,0.940934,6.7833,50993.12,8.34354,0.000925,6.54136,0.716705,0.839164,0.854038,0.932086,1,1,1,1,1,1,1,1,1,1,1,hard_feasible,0.862692,match low-backlash screw with higher-load axis,preload adjustment and screw-nut matching,4,high,0.76838,"pair satisfies dimension-chain, life-gap, reliability, source and risk constraints",case_calibrated_synthetic,https://asmedigitalcollection.asme.org/manufacturingscience/article/140/7/071015/473238/A-Multistage-Approach-to-the-Selective-Assembly-of,"Pairwise compatibility record generated from assembly candidates using dimension-chain, binning, life, reliability, risk, cost and green metrics.",0,ball_screw,servo_axis,1,2
CMP000001998,AR_CK6150_04_feed_axis_backlash,CK6150,cnc_lathe,feed_axis_backlash,positioning_accuracy,feed_drive,ball_screw,servo_axis,AC00013921,AC00018787,NEW_FROM_C000921_ball_screw_02,NEW_CK6150_servo_axis_000211,new_replacement,new,new_replacement-new,R6,R6,R6-R6,A,A,0.89732,0.85465,B03,B02,mixed_bin_rule,0.920575,0.0001,-0.000213,-0.000113,0.0,-0.000113,0.013259,0.0016856101,0.200722,0.991477,0.991602,21502.12,20351.611,20351.611,1150.509,2078.8,0.695603,0.9686,0.969589,0.96035229,0.93321,1.0,0.04267,0.1208,0.646772,0.215,0.56,0.121464,0.0688672,0.0614613,0.936663,6.77023,48534.69,8.34158,0.000925,7.44217,0.730363,0.838268,0.854038,0.930733,1,1,1,1,1,1,1,1,1,1,1,hard_feasible,0.857542,match low-backlash screw with higher-load axis,preload adjustment and screw-nut matching,4,high,0.76838,"pair satisfies dimension-chain, life-gap, reliability, source and risk constraints",case_calibrated_synthetic,https://asmedigitalcollection.asme.org/manufacturingscience/article/140/7/071015/473238/A-Multistage-Approach-to-the-Selective-Assembly-of,"Pairwise compatibility record generated from assembly candidates using dimension-chain, binning, life, reliability, risk, cost and green metrics.",0,ball_screw,servo_axis,1,2
CMP000001999,AR_CK6150_04_feed_axis_backlash,CK6150,cnc_lathe,feed_axis_backlash,positioning_accuracy,feed_drive,ball_screw,servo_axis,AC00018784,AC00005183,NEW_CK6150_ball_screw_000208,NEW_FROM_C000333_servo_axis_01,new,new_replacement,new-new_replacement,R6,R6,R6-R6,A,A,0.91179,0.89732,B03,B02,mixed_bin_rule,0.82955,0.000788,-0.0001,0.000688,0.0,0.000688,0.013259,0.0624851914,0.200722,0.948111,0.688698,22275.226,22380.525,22275.226,105.299,2078.8,0.97214,0.970107,0.9694,0.96128608,0.93321,1.0,0.01447,0.1208,0.880215,0.215,0.56,0.121464,0.0668197,0.06062292,0.937527,6.04095,45691.63,6.74444,0.000848,6.05065,0.746158,0.843353,0.922977,0.854541,1,1,1,1,1,1,1,1,1,1,1,hard_feasible,0.838714,match low-backlash screw with higher-load axis,preload adjustment and screw-nut matching,4,high,0.76838,"pair satisfies dimension-chain, life-gap, reliability, source and risk constraints",case_calibrated_synthetic,https://asmedigitalcollection.asme.org/manufacturingscience/article/140/7/071015/473238/A-Multistage-Approach-to-the-Selective-Assembly-of,"Pairwise compatibility record generated from assembly candidates using dimension-chain, binning, life, reliability, risk, cost and green metrics.",0,ball_screw,servo_axis,1,2
CMP000002000,AR_CK6150_04_feed_axis_backlash,CK6150,cnc_lathe,feed_axis_backlash,positioning_accuracy,feed_drive,ball_screw,servo_axis,AC00001864,AC00018789,NEW_FROM_C000125_ball_screw_01,NEW_CK6150_servo_axis_000213,new_replacement,new,new_replacement-new,R6,R6,R6-R6,A,A,0.89732,0.94567,B02,B02,mixed_bin_rule,0.772706,-0.0001,-0.000179,-0.000279,0.0,-0.000279,0.013259,0.0102756342,0.200722,0.978958,0.948807,21361.414,20522.994,20522.994,838.42,2078.8,0.778174,0.9686,0.984093,0.96428589,0.93321,1.0,0.04835,0.1208,0.599752,0.215,0.56,0.121464,0.05229136,0.05731734,0.940934,6.7833,50993.12,8.34354,0.000925,6.54136,0.716705,0.839164,0.854038,0.932086,1,1,1,1,1,1,1,1,1,1,1,hard_feasible,0.834404,match low-backlash screw with higher-load axis,preload adjustment and screw-nut matching,4,high,0.76838,"pair satisfies dimension-chain, life-gap, reliability, source and risk constraints",case_calibrated_synthetic,https://asmedigitalcollection.asme.org/manufacturingscience/article/140/7/071015/473238/A-Multistage-Approach-to-the-Selective-Assembly-of,"Pairwise compatibility record generated from assembly candidates using dimension-chain, binning, life, reliability, risk, cost and green metrics.",0,ball_screw,servo_axis,1,2
CMP000002001,AR_CK6150_04_feed_axis_backlash,CK6150,cnc_lathe,feed_axis_backlash,positioning_accuracy,feed_drive,ball_screw,servo_axis,AC00018784,AC00013087,NEW_CK6150_ball_screw_000208,NEW_FROM_C000881_servo_axis_01,new,new_replacement,new-new_replacement,R6,R6,R6-R6,A,A,0.91179,0.89732,B03,B02,mixed_bin_rule,0.82955,0.000788,-0.0001,0.000688,0.0,0.000688,0.013259,0.0624851914,0.200722,0.948111,0.688698,22275.226,22579.411,22275.226,304.185,2078.8,0.91952,0.970107,0.9694,0.96128608,0.93321,1.0,0.01447,0.1208,0.880215,0.215,0.56,0.121464,0.0668197,0.06062292,0.937527,6.04095,45691.63,6.74444,0.000848,6.05065,0.746158,0.843353,0.922977,0.854541,1,1,1,1,1,1,1,1,1,1,1,hard_feasible,0.8324,match low-backlash screw with higher-load axis,preload adjustment and screw-nut matching,4,high,0.76838,"pair satisfies dimension-chain, life-gap, reliability, source and risk constraints",case_calibrated_synthetic,https://asmedigitalcollection.asme.org/manufacturingscience/article/140/7/071015/473238/A-Multistage-Approach-to-the-Selective-Assembly-of,"Pairwise compatibility record generated from assembly candidates using dimension-chain, binning, life, reliability, risk, cost and green metrics.",0,ball_screw,servo_axis,1,2
CMP000002002,AR_CK6150_04_feed_axis_backlash,CK6150,cnc_lathe,feed_axis_backlash,positioning_accuracy,feed_drive,ball_screw,servo_axis,AC00001864,AC00018787,NEW_FROM_C000125_ball_screw_01,NEW_CK6150_servo_axis_000211,new_replacement,new,new_replacement-new,R6,R6,R6-R6,A,A,0.89732,0.85465,B02,B02,mixed_bin_rule,0.755575,-0.0001,-0.000213,-0.000313,0.0,-0.000313,0.013259,0.0129326911,0.200722,0.976393,0.935569,21361.414,20351.611,20351.611,1009.803,2078.8,0.732831,0.9686,0.969589,0.96035229,0.93321,1.0,0.04267,0.1208,0.646772,0.215,0.56,0.121464,0.0688672,0.0614613,0.936663,6.77023,48534.69,8.34158,0.000925,7.44217,0.730363,0.838268,0.854038,0.930733,1,1,1,1,1,1,1,1,1,1,1,hard_feasible,0.827823,match low-backlash screw with higher-load axis,preload adjustment and screw-nut matching,4,high,0.76838,"pair satisfies dimension-chain, life-gap, reliability, source and risk constraints",case_calibrated_synthetic,https://asmedigitalcollection.asme.org/manufacturingscience/article/140/7/071015/473238/A-Multistage-Approach-to-the-Selective-Assembly-of,"Pairwise compatibility record generated from assembly candidates using dimension-chain, binning, life, reliability, risk, cost and green metrics.",0,ball_screw,servo_axis,1,2
CMP000002004,AR_CK6150_04_feed_axis_backlash,CK6150,cnc_lathe,feed_axis_backlash,positioning_accuracy,feed_drive,ball_screw,servo_axis,AC00018784,AC00012515,NEW_CK6150_ball_screw_000208,NEW_FROM_C000839_servo_axis_02,new,new_replacement,new-new_replacement,R6,R6,R6-R6,A,A,0.91179,0.89732,B03,B02,mixed_bin_rule,0.82955,0.000788,-0.0001,0.000688,0.0,0.000688,0.013259,0.0624851914,0.200722,0.948111,0.688698,22275.226,23141.868,22275.226,866.642,2078.8,0.770708,0.970107,0.9694,0.96128608,0.93321,1.0,0.01447,0.1208,0.880215,0.215,0.56,0.121464,0.0668197,0.06062292,0.937527,6.04095,45691.63,6.74444,0.000848,6.05065,0.746158,0.843353,0.922977,0.854541,1,1,1,1,1,1,1,1,1,1,1,hard_feasible,0.814542,match low-backlash screw with higher-load axis,preload adjustment and screw-nut matching,4,high,0.76838,"pair satisfies dimension-chain, life-gap, reliability, source and risk constraints",case_calibrated_synthetic,https://asmedigitalcollection.asme.org/manufacturingscience/article/140/7/071015/473238/A-Multistage-Approach-to-the-Selective-Assembly-of,"Pairwise compatibility record generated from assembly candidates using dimension-chain, binning, life, reliability, risk, cost and green metrics.",0,ball_screw,servo_axis,1,2
CMP000002005,AR_CK6150_04_feed_axis_backlash,CK6150,cnc_lathe,feed_axis_backlash,positioning_accuracy,feed_drive,ball_screw,servo_axis,AC00017958,AC00018787,NEW_FROM_C001180_ball_screw_02,NEW_CK6150_servo_axis_000211,new_replacement,new,new_replacement-new,R6,R6,R6-R6,A,A,0.89732,0.85465,B02,B02,mixed_bin_rule,0.755575,-0.0001,-0.000213,-0.000313,0.0,-0.000313,0.013259,0.0129326911,0.200722,0.976393,0.935569,18745.391,20351.611,18745.391,1606.22,2078.8,0.575033,0.9686,0.969589,0.96035229,0.93321,1.0,0.04267,0.1208,0.646772,0.215,0.56,0.121464,0.0688672,0.0614613,0.936663,6.77023,48534.69,8.34158,0.000925,7.44217,0.730363,0.838268,0.854038,0.930733,1,1,1,1,1,1,1,1,1,1,1,hard_feasible,0.808887,match low-backlash screw with higher-load axis,preload adjustment and screw-nut matching,4,high,0.76838,"pair satisfies dimension-chain, life-gap, reliability, source and risk constraints",case_calibrated_synthetic,https://asmedigitalcollection.asme.org/manufacturingscience/article/140/7/071015/473238/A-Multistage-Approach-to-the-Selective-Assembly-of,"Pairwise compatibility record generated from assembly candidates using dimension-chain, binning, life, reliability, risk, cost and green metrics.",0,ball_screw,servo_axis,1,2
CMP000002006,AR_CK6150_04_feed_axis_backlash,CK6150,cnc_lathe,feed_axis_backlash,positioning_accuracy,feed_drive,ball_screw,servo_axis,AC00017958,AC00018789,NEW_FROM_C001180_ball_screw_02,NEW_CK6150_servo_axis_000213,new_replacement,new,new_replacement-new,R6,R6,R6-R6,A,A,0.89732,0.94567,B02,B02,mixed_bin_rule,0.772706,-0.0001,-0.000179,-0.000279,0.0,-0.000279,0.013259,0.0102756342,0.200722,0.978958,0.948807,18745.391,20522.994,18745.391,1777.603,2078.8,0.529689,0.9686,0.984093,0.96428589,0.93321,1.0,0.04835,0.1208,0.599752,0.215,0.56,0.121464,0.05229136,0.05731734,0.940934,6.7833,50993.12,8.34354,0.000925,6.54136,0.716705,0.839164,0.854038,0.932086,1,1,1,1,1,1,1,1,1,1,1,hard_feasible,0.804586,match low-backlash screw with higher-load axis,preload adjustment and screw-nut matching,4,high,0.76838,"pair satisfies dimension-chain, life-gap, reliability, source and risk constraints",case_calibrated_synthetic,https://asmedigitalcollection.asme.org/manufacturingscience/article/140/7/071015/473238/A-Multistage-Approach-to-the-Selective-Assembly-of,"Pairwise compatibility record generated from assembly candidates using dimension-chain, binning, life, reliability, risk, cost and green metrics.",0,ball_screw,servo_axis,1,2
CMP000002007,AR_CK6150_04_feed_axis_backlash,CK6150,cnc_lathe,feed_axis_backlash,positioning_accuracy,feed_drive,ball_screw,servo_axis,AC00018784,AC00018789,NEW_CK6150_ball_screw_000208,NEW_CK6150_servo_axis_000213,new,new,new-new,R6,R6,R6-R6,A,A,0.91179,0.94567,B03,B02,mixed_bin_rule,0.861448,0.000788,-0.000179,0.000609,0.0,0.000609,0.013259,0.0489592565,0.200722,0.954069,0.756084,22275.226,20522.994,20522.994,1752.232,2078.8,0.536402,0.970107,0.984093,0.96578618,0.93321,1.0,0.03388,0.1208,0.719536,0.18,0.56,0.099,0.05409751,0.05005038,0.948422,3.63465,26893.39,1.6452,0.0,3.58384,0.850592,0.992612,0.922977,0.932086,1,1,1,1,1,1,1,1,1,1,1,hard_feasible,0.794151,match low-backlash screw with higher-load axis,preload adjustment and screw-nut matching,4,high,0.76838,"pair satisfies dimension-chain, life-gap, reliability, source and risk constraints",case_calibrated_synthetic,https://asmedigitalcollection.asme.org/manufacturingscience/article/140/7/071015/473238/A-Multistage-Approach-to-the-Selective-Assembly-of,"Pairwise compatibility record generated from assembly candidates using dimension-chain, binning, life, reliability, risk, cost and green metrics.",0,ball_screw,servo_axis,1,2
CMP000002008,AR_CK6150_04_feed_axis_backlash,CK6150,cnc_lathe,feed_axis_backlash,positioning_accuracy,feed_drive,ball_screw,servo_axis,AC00013921,AC00018791,NEW_FROM_C000921_ball_screw_02,NEW_CK6150_servo_axis_000215,new_replacement,new,new_replacement-new,R6,R6,R6-R6,A,A,0.89732,0.94836,B03,B02,mixed_bin_rule,0.829605,0.0001,-0.000787,-0.000687,0.0,-0.000687,0.013259,0.0623036804,0.200722,0.948186,0.689602,21502.12,22255.332,21502.12,753.212,2078.8,0.800718,0.9686,0.989839,0.96584426,0.93321,1.0,0.05104,0.1208,0.577483,0.215,0.56,0.121464,0.04885345,0.05645786,0.941819,6.4826,50957.04,8.29843,0.000925,7.0034,0.716905,0.838807,0.854038,0.920412,1,1,1,1,1,1,1,1,1,1,1,hard_feasible,0.793591,match low-backlash screw with higher-load axis,preload adjustment and screw-nut matching,4,high,0.76838,"pair satisfies dimension-chain, life-gap, reliability, source and risk constraints",case_calibrated_synthetic,https://asmedigitalcollection.asme.org/manufacturingscience/article/140/7/071015/473238/A-Multistage-Approach-to-the-Selective-Assembly-of,"Pairwise compatibility record generated from assembly candidates using dimension-chain, binning, life, reliability, risk, cost and green metrics.",0,ball_screw,servo_axis,1,2
CMP000002009,AR_CK6150_04_feed_axis_backlash,CK6150,cnc_lathe,feed_axis_backlash,positioning_accuracy,feed_drive,ball_screw,servo_axis,AC00018784,AC00018787,NEW_CK6150_ball_screw_000208,NEW_CK6150_servo_axis_000211,new,new,new-new,R6,R6,R6-R6,A,A,0.91179,0.85465,B03,B02,mixed_bin_rule,0.873626,0.000788,-0.000213,0.000575,0.0,0.000575,0.013259,0.0436451427,0.200722,0.956633,0.782559,22275.226,20351.611,20351.611,1923.615,2078.8,0.491058,0.970107,0.969589,0.9614735,0.93321,1.0,0.05714,0.1208,0.526987,0.18,0.56,0.099,0.07064176,0.05418644,0.94416,3.62158,24434.96,1.64324,0.0,4.48465,0.86425,0.991715,0.922977,0.930733,1,1,1,1,1,1,1,1,1,1,1,hard_feasible,0.779851,match low-backlash screw with higher-load axis,preload adjustment and screw-nut matching,4,high,0.76838,"pair satisfies dimension-chain, life-gap, reliability, source and risk constraints",case_calibrated_synthetic,https://asmedigitalcollection.asme.org/manufacturingscience/article/140/7/071015/473238/A-Multistage-Approach-to-the-Selective-Assembly-of,"Pairwise compatibility record generated from assembly candidates using dimension-chain, binning, life, reliability, risk, cost and green metrics.",0,ball_screw,servo_axis,1,2
CMP000002011,AR_CK6150_04_feed_axis_backlash,CK6150,cnc_lathe,feed_axis_backlash,positioning_accuracy,feed_drive,ball_screw,servo_axis,AC00018784,AC00010762,NEW_CK6150_ball_screw_000208,NEW_FROM_C000730_servo_axis_01,new,new_replacement,new-new_replacement,R6,R6,R6-R6,A,A,0.91179,0.89732,B03,B03,mixed_bin_rule,0.66455,0.000788,0.0001,0.000888,0.0,0.000888,0.013259,0.1040941108,0.200722,0.933027,0.481402,22275.226,22049.72,22049.72,225.506,2078.8,0.940337,0.970107,0.9694,0.96128608,0.93321,1.0,0.01447,0.1208,0.880215,0.215,0.56,0.121464,0.0668197,0.06062292,0.937527,6.04095,45691.63,6.74444,0.000848,6.05065,0.746158,0.843353,0.922977,0.854541,1,1,1,1,1,1,1,1,1,1,1,hard_feasible,0.776509,match low-backlash screw with higher-load axis,preload adjustment and screw-nut matching,4,high,0.76838,"pair satisfies dimension-chain, life-gap, reliability, source and risk constraints",case_calibrated_synthetic,https://asmedigitalcollection.asme.org/manufacturingscience/article/140/7/071015/473238/A-Multistage-Approach-to-the-Selective-Assembly-of,"Pairwise compatibility record generated from assembly candidates using dimension-chain, binning, life, reliability, risk, cost and green metrics.",0,ball_screw,servo_axis,1,2
CMP000002012,AR_CK6150_04_feed_axis_backlash,CK6150,cnc_lathe,feed_axis_backlash,positioning_accuracy,feed_drive,ball_screw,servo_axis,AC00018784,AC00005329,NEW_CK6150_ball_screw_000208,NEW_FROM_C000335_servo_axis_02,new,new_replacement,new-new_replacement,R6,R6,R6-R6,A,A,0.91179,0.89732,B03,B03,mixed_bin_rule,0.66455,0.000788,0.0001,0.000888,0.0,0.000888,0.013259,0.1040941108,0.200722,0.933027,0.481402,22275.226,22998.701,22275.226,723.475,2078.8,0.808586,0.970107,0.9694,0.96128608,0.93321,1.0,0.01447,0.1208,0.880215,0.215,0.56,0.121464,0.0668197,0.06062292,0.937527,6.04095,45691.63,6.74444,0.000848,6.05065,0.746158,0.843353,0.922977,0.854541,1,1,1,1,1,1,1,1,1,1,1,hard_feasible,0.760699,match low-backlash screw with higher-load axis,preload adjustment and screw-nut matching,4,high,0.76838,"pair satisfies dimension-chain, life-gap, reliability, source and risk constraints",case_calibrated_synthetic,https://asmedigitalcollection.asme.org/manufacturingscience/article/140/7/071015/473238/A-Multistage-Approach-to-the-Selective-Assembly-of,"Pairwise compatibility record generated from assembly candidates using dimension-chain, binning, life, reliability, risk, cost and green metrics.",0,ball_screw,servo_axis,1,2
CMP000002014,AR_CK6150_04_feed_axis_backlash,CK6150,cnc_lathe,feed_axis_backlash,positioning_accuracy,feed_drive,ball_screw,servo_axis,AC00001864,AC00018791,NEW_FROM_C000125_ball_screw_01,NEW_CK6150_servo_axis_000215,new_replacement,new,new_replacement-new,R6,R6,R6-R6,A,A,0.89732,0.94836,B02,B02,mixed_bin_rule,0.664605,-0.0001,-0.000787,-0.000887,0.0,-0.000887,0.013259,0.1038597966,0.200722,0.933102,0.482569,21361.414,22255.332,21361.414,893.918,2078.8,0.763491,0.9686,0.989839,0.96584426,0.93321,1.0,0.05104,0.1208,0.577483,0.215,0.56,0.121464,0.04885345,0.05645786,0.941819,6.4826,50957.04,8.29843,0.000925,7.0034,0.716905,0.838807,0.854038,0.920412,1,1,1,1,1,1,1,1,1,1,1,hard_feasible,0.730778,match low-backlash screw with higher-load axis,preload adjustment and screw-nut matching,4,high,0.76838,"pair satisfies dimension-chain, life-gap, reliability, source and risk constraints",case_calibrated_synthetic,https://asmedigitalcollection.asme.org/manufacturingscience/article/140/7/071015/473238/A-Multistage-Approach-to-the-Selective-Assembly-of,"Pairwise compatibility record generated from assembly candidates using dimension-chain, binning, life, reliability, risk, cost and green metrics.",0,ball_screw,servo_axis,1,2
CMP000002015,AR_CK6150_04_feed_axis_backlash,CK6150,cnc_lathe,feed_axis_backlash,positioning_accuracy,feed_drive,ball_screw,servo_axis,AC00001865,AC00018788,NEW_FROM_C000125_ball_screw_02,NEW_CK6150_servo_axis_000212,new_replacement,new,new_replacement-new,R6,R6,R6-R6,A,A,0.89732,0.9087,B03,B03,mixed_bin_rule,0.661414,0.0001,0.000848,0.000948,0.0,0.000948,0.013259,0.1186361113,0.200722,0.928501,0.408953,24346.44,26394.76,24346.44,2048.32,2078.8,0.458064,0.9686,0.976577,0.9622475,0.93321,1.0,0.01138,0.1208,0.905795,0.215,0.56,0.121464,0.06360739,0.06014635,0.938018,6.47656,48499.45,8.29753,0.000925,7.00587,0.730559,0.838806,0.854038,0.92939,1,1,1,1,1,1,1,1,1,1,1,hard_feasible,0.707169,match low-backlash screw with higher-load axis,preload adjustment and screw-nut matching,4,high,0.76838,"pair satisfies dimension-chain, life-gap, reliability, source and risk constraints",case_calibrated_synthetic,https://asmedigitalcollection.asme.org/manufacturingscience/article/140/7/071015/473238/A-Multistage-Approach-to-the-Selective-Assembly-of,"Pairwise compatibility record generated from assembly candidates using dimension-chain, binning, life, reliability, risk, cost and green metrics.",0,ball_screw,servo_axis,1,2
CMP000002206,AR_CK6150_05_tailstock_coaxiality,CK6150,cnc_lathe,tailstock_coaxiality,assembly_matching,support_alignment,guideway,spindle,AC00018813,AC00000748,NEW_CK6150_guideway_000237,NEW_FROM_C000049_spindle_01,new,new_replacement,new-new_replacement,R6,R6,R6-R6,A,A,0.93733,0.89728,B03,B03,weak_complement,0.498217,0.000636,0.0001,0.000736,0.0,0.000736,0.013766,0.1051030642,0.214404,0.946535,0.50979,23375.375,24262.707,23375.375,887.332,2065.1,0.763676,0.992496,0.966,0.96397032,0.93237,1.0,0.04005,0.1182,0.661168,0.215,0.56,0.121464,0.04738641,0.0574331,0.940719,7.34736,77092.91,10.07341,0.001001,8.64798,0.571706,0.833057,0.920273,0.85334,1,1,1,1,1,1,1,1,1,1,1,hard_feasible,0.720515,select tailstock with compensating center-height deviation,adjust tailstock shims after spindle-bed alignment,4,high,0.77389,"pair satisfies dimension-chain, life-gap, reliability, source and risk constraints",case_calibrated_synthetic,https://asmedigitalcollection.asme.org/manufacturingscience/article/140/7/071015/473238/A-Multistage-Approach-to-the-Selective-Assembly-of,"Pairwise compatibility record generated from assembly candidates using dimension-chain, binning, life, reliability, risk, cost and green metrics.",0,guideway,spindle,1,3
CMP000002258,AR_CK6150_05_tailstock_coaxiality,CK6150,cnc_lathe,tailstock_coaxiality,assembly_matching,support_alignment,spindle,tailstock,AC00000748,AC00018803,NEW_FROM_C000049_spindle_01,NEW_CK6150_tailstock_000227,new_replacement,new,new_replacement-new,R6,R6,R6-R6,A,A,0.89728,0.84359,B03,B02,complementary_bin,0.931429,0.0001,-0.00018,-8e-05,0.0,-8e-05,0.013766,0.0012417659,0.214404,0.994189,0.994208,24262.707,23384.143,23384.143,878.564,2065.1,0.766011,0.966,0.95774,0.94862232,0.93237,0.962523,0.05369,0.1182,0.54577,0.215,0.56,0.121464,0.08110844,0.08336361,0.913955,7.30556,61766.79,10.06714,0.001001,7.118,0.656851,0.834602,0.85334,0.956801,1,1,1,1,1,1,1,1,1,1,1,hard_feasible,0.853467,select tailstock with compensating center-height deviation,adjust tailstock shims after spindle-bed alignment,4,high,0.77389,"pair satisfies dimension-chain, life-gap, reliability, source and risk constraints",case_calibrated_synthetic,https://asmedigitalcollection.asme.org/manufacturingscience/article/140/7/071015/473238/A-Multistage-Approach-to-the-Selective-Assembly-of,"Pairwise compatibility record generated from assembly candidates using dimension-chain, binning, life, reliability, risk, cost and green metrics.",0,spindle,tailstock,1,3
CMP000002281,AR_CK6150_06_turret_tool_position_repeatability,CK6150,cnc_lathe,turret_tool_position_repeatability,positioning_accuracy,tooling_system,servo_axis,turret,AC00005330,AC00018817,NEW_FROM_C000335_servo_axis_02,NEW_CK6150_turret_000241,new_replacement,new,new_replacement-new,R6,R6,R6-R6,A,A,0.89732,0.87094,B02,B03,mixed_bin_rule,0.911737,-0.0001,0.000234,0.000134,0.0,0.000134,0.015264,0.0010895509,0.119995,0.991221,0.99092,22998.701,22826.105,22826.105,172.596,2109.3,0.954996,0.9694,0.968903,0.96060144,0.93321,1.0,0.02638,0.1288,0.795186,0.215,0.56,0.121464,0.06526711,0.06002728,0.93864,5.74005,49930.41,6.6993,0.000848,7.64656,0.722609,0.841861,0.854799,0.910411,1,1,1,1,1,1,1,1,1,1,1,hard_feasible,0.899215,match turret class to customer precision level,calibrate turret index and tool offsets,4,medium,0.7407,"pair satisfies dimension-chain, life-gap, reliability, source and risk constraints",case_calibrated_synthetic,https://asmedigitalcollection.asme.org/manufacturingscience/article/140/7/071015/473238/A-Multistage-Approach-to-the-Selective-Assembly-of,"Pairwise compatibility record generated from assembly candidates using dimension-chain, binning, life, reliability, risk, cost and green metrics.",0,servo_axis,turret,1,1
CMP000002282,AR_CK6150_06_turret_tool_position_repeatability,CK6150,cnc_lathe,turret_tool_position_repeatability,positioning_accuracy,tooling_system,servo_axis,turret,AC00018825,AC00000750,NEW_CK6150_servo_axis_000249,NEW_FROM_C000049_turret_01,new,new_replacement,new-new_replacement,R6,R6,R6-R6,A,A,0.93591,0.89733,B03,B02,mixed_bin_rule,0.922395,0.000209,-0.0001,0.000109,0.0,0.000109,0.015264,0.0007209264,0.119995,0.992859,0.993992,24452.577,24236.342,24236.342,216.235,2109.3,0.943617,0.990483,0.9698,0.96721572,0.93321,1.0,0.03858,0.1288,0.700466,0.215,0.56,0.121464,0.04676274,0.05493119,0.943849,6.30151,36896.89,8.58208,0.000886,7.79729,0.795017,0.837357,0.933389,0.855435,1,1,1,1,1,1,1,1,1,1,1,hard_feasible,0.894125,match turret class to customer precision level,calibrate turret index and tool offsets,4,medium,0.7407,"pair satisfies dimension-chain, life-gap, reliability, source and risk constraints",case_calibrated_synthetic,https://asmedigitalcollection.asme.org/manufacturingscience/article/140/7/071015/473238/A-Multistage-Approach-to-the-Selective-Assembly-of,"Pairwise compatibility record generated from assembly candidates using dimension-chain, binning, life, reliability, risk, cost and green metrics.",0,servo_axis,turret,1,1
CMP000002283,AR_CK6150_06_turret_tool_position_repeatability,CK6150,cnc_lathe,turret_tool_position_repeatability,positioning_accuracy,tooling_system,servo_axis,turret,AC00010763,AC00018817,NEW_FROM_C000730_servo_axis_01,NEW_CK6150_turret_000241,new_replacement,new,new_replacement-new,R6,R6,R6-R6,A,A,0.89732,0.87094,B02,B03,mixed_bin_rule,0.911737,-0.0001,0.000234,0.000134,0.0,0.000134,0.015264,0.0010895509,0.119995,0.991221,0.99092,22049.72,22826.105,22049.72,776.385,2109.3,0.797558,0.9694,0.968903,0.96060144,0.93321,1.0,0.02638,0.1288,0.795186,0.215,0.56,0.121464,0.06526711,0.06002728,0.93864,5.74005,49930.41,6.6993,0.000848,7.64656,0.722609,0.841861,0.854799,0.910411,1,1,1,1,1,1,1,1,1,1,1,hard_feasible,0.880323,match turret class to customer precision level,calibrate turret index and tool offsets,4,medium,0.7407,"pair satisfies dimension-chain, life-gap, reliability, source and risk constraints",case_calibrated_synthetic,https://asmedigitalcollection.asme.org/manufacturingscience/article/140/7/071015/473238/A-Multistage-Approach-to-the-Selective-Assembly-of,"Pairwise compatibility record generated from assembly candidates using dimension-chain, binning, life, reliability, risk, cost and green metrics.",0,servo_axis,turret,1,1
CMP000002284,AR_CK6150_06_turret_tool_position_repeatability,CK6150,cnc_lathe,turret_tool_position_repeatability,positioning_accuracy,tooling_system,servo_axis,turret,AC00018208,AC00018817,NEW_FROM_C001203_servo_axis_01,NEW_CK6150_turret_000241,new_replacement,new,new_replacement-new,R6,R6,R6-R6,A,A,0.89732,0.87094,B02,B03,mixed_bin_rule,0.911737,-0.0001,0.000234,0.000134,0.0,0.000134,0.015264,0.0010895509,0.119995,0.991221,0.99092,21747.26,22826.105,21747.26,1078.845,2109.3,0.718691,0.9694,0.968903,0.96060144,0.93321,1.0,0.02638,0.1288,0.795186,0.215,0.56,0.121464,0.06526711,0.06002728,0.93864,5.74005,49930.41,6.6993,0.000848,7.64656,0.722609,0.841861,0.854799,0.910411,1,1,1,1,1,1,1,1,1,1,1,hard_feasible,0.870859,match turret class to customer precision level,calibrate turret index and tool offsets,4,medium,0.7407,"pair satisfies dimension-chain, life-gap, reliability, source and risk constraints",case_calibrated_synthetic,https://asmedigitalcollection.asme.org/manufacturingscience/article/140/7/071015/473238/A-Multistage-Approach-to-the-Selective-Assembly-of,"Pairwise compatibility record generated from assembly candidates using dimension-chain, binning, life, reliability, risk, cost and green metrics.",0,servo_axis,turret,1,1
CMP000002285,AR_CK6150_06_turret_tool_position_repeatability,CK6150,cnc_lathe,turret_tool_position_repeatability,positioning_accuracy,tooling_system,servo_axis,turret,AC00013088,AC00018817,NEW_FROM_C000881_servo_axis_01,NEW_CK6150_turret_000241,new_replacement,new,new_replacement-new,R6,R6,R6-R6,A,A,0.89732,0.87094,B03,B03,mixed_bin_rule,0.746737,0.0001,0.000234,0.000334,0.0,0.000334,0.015264,0.0067690988,0.119995,0.978118,0.943588,22579.411,22826.105,22579.411,246.694,2109.3,0.935675,0.9694,0.968903,0.96060144,0.93321,1.0,0.02638,0.1288,0.795186,0.215,0.56,0.121464,0.06526711,0.06002728,0.93864,5.74005,49930.41,6.6993,0.000848,7.64656,0.722609,0.841861,0.854799,0.910411,1,1,1,1,1,1,1,1,1,1,1,hard_feasible,0.864598,match turret class to customer precision level,calibrate turret index and tool offsets,4,medium,0.7407,"pair satisfies dimension-chain, life-gap, reliability, source and risk constraints",case_calibrated_synthetic,https://asmedigitalcollection.asme.org/manufacturingscience/article/140/7/071015/473238/A-Multistage-Approach-to-the-Selective-Assembly-of,"Pairwise compatibility record generated from assembly candidates using dimension-chain, binning, life, reliability, risk, cost and green metrics.",0,servo_axis,turret,1,1
CMP000002286,AR_CK6150_06_turret_tool_position_repeatability,CK6150,cnc_lathe,turret_tool_position_repeatability,positioning_accuracy,tooling_system,servo_axis,turret,AC00012516,AC00018817,NEW_FROM_C000839_servo_axis_02,NEW_CK6150_turret_000241,new_replacement,new,new_replacement-new,R6,R6,R6-R6,A,A,0.89732,0.87094,B03,B03,mixed_bin_rule,0.746737,0.0001,0.000234,0.000334,0.0,0.000334,0.015264,0.0067690988,0.119995,0.978118,0.943588,23141.868,22826.105,22826.105,315.763,2109.3,0.917665,0.9694,0.968903,0.96060144,0.93321,1.0,0.02638,0.1288,0.795186,0.215,0.56,0.121464,0.06526711,0.06002728,0.93864,5.74005,49930.41,6.6993,0.000848,7.64656,0.722609,0.841861,0.854799,0.910411,1,1,1,1,1,1,1,1,1,1,1,hard_feasible,0.862437,match turret class to customer precision level,calibrate turret index and tool offsets,4,medium,0.7407,"pair satisfies dimension-chain, life-gap, reliability, source and risk constraints",case_calibrated_synthetic,https://asmedigitalcollection.asme.org/manufacturingscience/article/140/7/071015/473238/A-Multistage-Approach-to-the-Selective-Assembly-of,"Pairwise compatibility record generated from assembly candidates using dimension-chain, binning, life, reliability, risk, cost and green metrics.",0,servo_axis,turret,1,1
CMP000002287,AR_CK6150_06_turret_tool_position_repeatability,CK6150,cnc_lathe,turret_tool_position_repeatability,positioning_accuracy,tooling_system,servo_axis,turret,AC00005184,AC00018817,NEW_FROM_C000333_servo_axis_01,NEW_CK6150_turret_000241,new_replacement,new,new_replacement-new,R6,R6,R6-R6,A,A,0.89732,0.87094,B03,B03,mixed_bin_rule,0.746737,0.0001,0.000234,0.000334,0.0,0.000334,0.015264,0.0067690988,0.119995,0.978118,0.943588,22380.525,22826.105,22380.525,445.58,2109.3,0.883815,0.9694,0.968903,0.96060144,0.93321,1.0,0.02638,0.1288,0.795186,0.215,0.56,0.121464,0.06526711,0.06002728,0.93864,5.74005,49930.41,6.6993,0.000848,7.64656,0.722609,0.841861,0.854799,0.910411,1,1,1,1,1,1,1,1,1,1,1,hard_feasible,0.858375,match turret class to customer precision level,calibrate turret index and tool offsets,4,medium,0.7407,"pair satisfies dimension-chain, life-gap, reliability, source and risk constraints",case_calibrated_synthetic,https://asmedigitalcollection.asme.org/manufacturingscience/article/140/7/071015/473238/A-Multistage-Approach-to-the-Selective-Assembly-of,"Pairwise compatibility record generated from assembly candidates using dimension-chain, binning, life, reliability, risk, cost and green metrics.",0,servo_axis,turret,1,1
CMP000002290,AR_CK6150_06_turret_tool_position_repeatability,CK6150,cnc_lathe,turret_tool_position_repeatability,positioning_accuracy,tooling_system,servo_axis,turret,AC00018825,AC00013503,NEW_CK6150_servo_axis_000249,NEW_FROM_C000902_turret_01,new,new_replacement,new-new_replacement,R6,R6,R6-R6,A,A,0.93591,0.89733,B03,B02,mixed_bin_rule,0.922395,0.000209,-0.0001,0.000109,0.0,0.000109,0.015264,0.0007209264,0.119995,0.992859,0.993992,24452.577,22850.774,22850.774,1601.803,2109.3,0.58233,0.990483,0.9698,0.96721572,0.93321,1.0,0.03858,0.1288,0.700466,0.215,0.56,0.121464,0.04676274,0.05493119,0.943849,6.30151,36896.89,8.58208,0.000886,7.79729,0.795017,0.837357,0.933389,0.855435,1,1,1,1,1,1,1,1,1,1,1,hard_feasible,0.850771,match turret class to customer precision level,calibrate turret index and tool offsets,4,medium,0.7407,"pair satisfies dimension-chain, life-gap, reliability, source and risk constraints",case_calibrated_synthetic,https://asmedigitalcollection.asme.org/manufacturingscience/article/140/7/071015/473238/A-Multistage-Approach-to-the-Selective-Assembly-of,"Pairwise compatibility record generated from assembly candidates using dimension-chain, binning, life, reliability, risk, cost and green metrics.",0,servo_axis,turret,1,1
CMP000002291,AR_CK6150_06_turret_tool_position_repeatability,CK6150,cnc_lathe,turret_tool_position_repeatability,positioning_accuracy,tooling_system,servo_axis,turret,AC00013496,AC00018817,NEW_FROM_C000902_servo_axis_01,NEW_CK6150_turret_000241,new_replacement,new,new_replacement-new,R6,R6,R6-R6,A,A,0.89732,0.87094,B03,B03,mixed_bin_rule,0.746737,0.0001,0.000234,0.000334,0.0,0.000334,0.015264,0.0067690988,0.119995,0.978118,0.943588,24524.97,22826.105,22826.105,1698.865,2109.3,0.557021,0.9694,0.968903,0.96060144,0.93321,1.0,0.02638,0.1288,0.795186,0.215,0.56,0.121464,0.06526711,0.06002728,0.93864,5.74005,49930.41,6.6993,0.000848,7.64656,0.722609,0.841861,0.854799,0.910411,1,1,1,1,1,1,1,1,1,1,1,hard_feasible,0.81916,match turret class to customer precision level,calibrate turret index and tool offsets,4,medium,0.7407,"pair satisfies dimension-chain, life-gap, reliability, source and risk constraints",case_calibrated_synthetic,https://asmedigitalcollection.asme.org/manufacturingscience/article/140/7/071015/473238/A-Multistage-Approach-to-the-Selective-Assembly-of,"Pairwise compatibility record generated from assembly candidates using dimension-chain, binning, life, reliability, risk, cost and green metrics.",0,servo_axis,turret,1,1
CMP000002293,AR_CK6150_06_turret_tool_position_repeatability,CK6150,cnc_lathe,turret_tool_position_repeatability,positioning_accuracy,tooling_system,servo_axis,turret,AC00016436,AC00018817,NEW_FROM_C001095_servo_axis_01,NEW_CK6150_turret_000241,new_replacement,new,new_replacement-new,R6,R6,R6-R6,A,A,0.89732,0.87094,B03,B03,mixed_bin_rule,0.746737,0.0001,0.000234,0.000334,0.0,0.000334,0.015264,0.0067690988,0.119995,0.978118,0.943588,20905.419,22826.105,20905.419,1920.686,2109.3,0.499181,0.9694,0.968903,0.96060144,0.93321,1.0,0.02638,0.1288,0.795186,0.215,0.56,0.121464,0.06526711,0.06002728,0.93864,5.74005,49930.41,6.6993,0.000848,7.64656,0.722609,0.841861,0.854799,0.910411,1,1,1,1,1,1,1,1,1,1,1,hard_feasible,0.812219,match turret class to customer precision level,calibrate turret index and tool offsets,4,medium,0.7407,"pair satisfies dimension-chain, life-gap, reliability, source and risk constraints",case_calibrated_synthetic,https://asmedigitalcollection.asme.org/manufacturingscience/article/140/7/071015/473238/A-Multistage-Approach-to-the-Selective-Assembly-of,"Pairwise compatibility record generated from assembly candidates using dimension-chain, binning, life, reliability, risk, cost and green metrics.",0,servo_axis,turret,1,1
CMP000002294,AR_CK6150_06_turret_tool_position_repeatability,CK6150,cnc_lathe,turret_tool_position_repeatability,positioning_accuracy,tooling_system,servo_axis,turret,AC00018825,AC00018817,NEW_CK6150_servo_axis_000249,NEW_CK6150_turret_000241,new,new,new-new,R6,R6,R6-R6,A,A,0.93591,0.87094,B03,B03,mixed_bin_rule,0.822585,0.000209,0.000234,0.000443,0.0,0.000443,0.015264,0.0119081795,0.119995,0.970977,0.900761,24452.577,22826.105,22826.105,1626.472,2109.3,0.575897,0.990483,0.968903,0.96632111,0.93321,1.0,0.06497,0.1288,0.495575,0.18,0.56,0.099,0.04824118,0.0481713,0.950759,3.06296,31099.68,1.55944,0.0,6.29858,0.827224,0.990095,0.933389,0.910411,1,1,1,1,1,1,1,1,1,1,1,hard_feasible,0.802873,match turret class to customer precision level,calibrate turret index and tool offsets,4,medium,0.7407,"pair satisfies dimension-chain, life-gap, reliability, source and risk constraints",case_calibrated_synthetic,https://asmedigitalcollection.asme.org/manufacturingscience/article/140/7/071015/473238/A-Multistage-Approach-to-the-Selective-Assembly-of,"Pairwise compatibility record generated from assembly candidates using dimension-chain, binning, life, reliability, risk, cost and green metrics.",0,servo_axis,turret,1,1
